ProductID,Name,ProductNumber,MakeFlag,FinishedGoodsFlag,Color,SafetyStockLevel,ReorderPoint,StandardCost,ListPrice,Size,SizeUnitMeasureCode,WeightUnitMeasureCode,Weight,DaysToManufacture,ProductLine,Class,Style,ProductSubcategoryID,ProductModelID,SellStartDate,SellEndDate,DiscontinuedDate,ModifiedDate
1,Adjustable Race,AR-5381,FALSE,FALSE,,1000,750,0,0,,,,,0,,,,,,4/30/2008 0:00,,,2/8/2014 10:01
2,Bearing Ball,BA-8327,FALSE,FALSE,,1000,750,0,0,,,,,0,,,,,,4/30/2008 0:00,,,2/8/2014 10:01
3,BB Ball Bearing,BE-2349,TRUE,FALSE,,800,600,0,0,,,,,1,,,,,,4/30/2008 0:00,,,2/8/2014 10:01
4,Headset Ball Bearings,BE-2908,FALSE,FALSE,,800,600,0,0,,,,,0,,,,,,4/30/2008 0:00,,,2/8/2014 10:01
316,Blade,BL-2036,TRUE,FALSE,,800,600,0,0,,,,,1,,,,,,4/30/2008 0:00,,,2/8/2014 10:01
317,LL Crankarm,CA-5965,FALSE,FALSE,Black,500,375,0,0,,,,,0,,L,,,,4/30/2008 0:00,,,2/8/2014 10:01
318,ML Crankarm,CA-6738,FALSE,FALSE,Black,500,375,0,0,,,,,0,,M,,,,4/30/2008 0:00,,,2/8/2014 10:01
319,HL Crankarm,CA-7457,FALSE,FALSE,Black,500,375,0,0,,,,,0,,,,,,4/30/2008 0:00,,,2/8/2014 10:01
320,Chainring Bolts,CB-2903,FALSE,FALSE,Silver,1000,750,0,0,,,,,0,,,,,,4/30/2008 0:00,,,2/8/2014 10:01
321,Chainring Nut,CN-6137,FALSE,FALSE,Silver,1000,750,0,0,,,,,0,,,,,,4/30/2008 0:00,,,2/8/2014 10:01
322,Chainring,CR-7833,FALSE,FALSE,Black,1000,750,0,0,,,,,0,,,,,,4/30/2008 0:00,,,2/8/2014 10:01
323,Crown Race,CR-9981,FALSE,FALSE,,1000,750,0,0,,,,,0,,,,,,4/30/2008 0:00,,,2/8/2014 10:01
324,Chain Stays,CS-2812,TRUE,FALSE,,1000,750,0,0,,,,,1,,,,,,4/30/2008 0:00,,,2/8/2014 10:01
325,Decal 1,DC-8732,FALSE,FALSE,,1000,750,0,0,,,,,0,,,,,,4/30/2008 0:00,,,2/8/2014 10:01
326,Decal 2,DC-9824,FALSE,FALSE,,1000,750,0,0,,,,,0,,,,,,4/30/2008 0:00,,,2/8/2014 10:01
327,Down Tube,DT-2377,TRUE,FALSE,,800,600,0,0,,,,,1,,,,,,4/30/2008 0:00,,,2/8/2014 10:01
328,Mountain End Caps,EC-M092,TRUE,FALSE,,1000,750,0,0,,,,,1,,,,,,4/30/2008 0:00,,,2/8/2014 10:01
329,Road End Caps,EC-R098,TRUE,FALSE,,1000,750,0,0,,,,,1,,,,,,4/30/2008 0:00,,,2/8/2014 10:01
330,Touring End Caps,EC-T209,TRUE,FALSE,,1000,750,0,0,,,,,1,,,,,,4/30/2008 0:00,,,2/8/2014 10:01
331,Fork End,FE-3760,TRUE,FALSE,,800,600,0,0,,,,,1,,,,,,4/30/2008 0:00,,,2/8/2014 10:01
332,Freewheel,FH-2981,FALSE,FALSE,Silver,500,375,0,0,,,,,0,,,,,,4/30/2008 0:00,,,2/8/2014 10:01
341,Flat Washer 1,FW-1000,FALSE,FALSE,,1000,750,0,0,,,,,0,,,,,,4/30/2008 0:00,,,2/8/2014 10:01
342,Flat Washer 6,FW-1200,FALSE,FALSE,,1000,750,0,0,,,,,0,,,,,,4/30/2008 0:00,,,2/8/2014 10:01
343,Flat Washer 2,FW-1400,FALSE,FALSE,,1000,750,0,0,,,,,0,,,,,,4/30/2008 0:00,,,2/8/2014 10:01
344,Flat Washer 9,FW-3400,FALSE,FALSE,,1000,750,0,0,,,,,0,,,,,,4/30/2008 0:00,,,2/8/2014 10:01
345,Flat Washer 4,FW-3800,FALSE,FALSE,,1000,750,0,0,,,,,0,,,,,,4/30/2008 0:00,,,2/8/2014 10:01
346,Flat Washer 3,FW-5160,FALSE,FALSE,,1000,750,0,0,,,,,0,,,,,,4/30/2008 0:00,,,2/8/2014 10:01
347,Flat Washer 8,FW-5800,FALSE,FALSE,,1000,750,0,0,,,,,0,,,,,,4/30/2008 0:00,,,2/8/2014 10:01
348,Flat Washer 5,FW-7160,FALSE,FALSE,,1000,750,0,0,,,,,0,,,,,,4/30/2008 0:00,,,2/8/2014 10:01
349,Flat Washer 7,FW-9160,FALSE,FALSE,,1000,750,0,0,,,,,0,,,,,,4/30/2008 0:00,,,2/8/2014 10:01
350,Fork Crown,FC-3654,TRUE,FALSE,,800,600,0,0,,,,,1,,,,,,4/30/2008 0:00,,,2/8/2014 10:01
351,Front Derailleur Cage,FC-3982,FALSE,FALSE,Silver,800,600,0,0,,,,,0,,,,,,4/30/2008 0:00,,,2/8/2014 10:01
352,Front Derailleur Linkage,FL-2301,FALSE,FALSE,Silver,800,600,0,0,,,,,0,,,,,,4/30/2008 0:00,,,2/8/2014 10:01
355,Guide Pulley,GP-0982,FALSE,FALSE,,800,600,0,0,,,,,0,,,,,,4/30/2008 0:00,,,2/8/2014 10:01
356,LL Grip Tape,GT-0820,FALSE,FALSE,,800,600,0,0,,,,,0,,L,,,,4/30/2008 0:00,,,2/8/2014 10:01
357,ML Grip Tape,GT-1209,FALSE,FALSE,,800,600,0,0,,,,,0,,M,,,,4/30/2008 0:00,,,2/8/2014 10:01
358,HL Grip Tape,GT-2908,FALSE,FALSE,,800,600,0,0,,,,,0,,,,,,4/30/2008 0:00,,,2/8/2014 10:01
359,Thin-Jam Hex Nut 9,HJ-1213,FALSE,FALSE,,1000,750,0,0,,,,,0,,,,,,4/30/2008 0:00,,,2/8/2014 10:01
360,Thin-Jam Hex Nut 10,HJ-1220,FALSE,FALSE,,1000,750,0,0,,,,,0,,,,,,4/30/2008 0:00,,,2/8/2014 10:01
361,Thin-Jam Hex Nut 1,HJ-1420,FALSE,FALSE,,1000,750,0,0,,,,,0,,,,,,4/30/2008 0:00,,,2/8/2014 10:01
362,Thin-Jam Hex Nut 2,HJ-1428,FALSE,FALSE,,1000,750,0,0,,,,,0,,,,,,4/30/2008 0:00,,,2/8/2014 10:01
363,Thin-Jam Hex Nut 15,HJ-3410,FALSE,FALSE,,1000,750,0,0,,,,,0,,,,,,4/30/2008 0:00,,,2/8/2014 10:01
364,Thin-Jam Hex Nut 16,HJ-3416,FALSE,FALSE,,1000,750,0,0,,,,,0,,,,,,4/30/2008 0:00,,,2/8/2014 10:01
365,Thin-Jam Hex Nut 5,HJ-3816,FALSE,FALSE,,1000,750,0,0,,,,,0,,,,,,4/30/2008 0:00,,,2/8/2014 10:01
366,Thin-Jam Hex Nut 6,HJ-3824,FALSE,FALSE,,1000,750,0,0,,,,,0,,,,,,4/30/2008 0:00,,,2/8/2014 10:01
367,Thin-Jam Hex Nut 3,HJ-5161,FALSE,FALSE,,1000,750,0,0,,,,,0,,,,,,4/30/2008 0:00,,,2/8/2014 10:01
368,Thin-Jam Hex Nut 4,HJ-5162,FALSE,FALSE,,1000,750,0,0,,,,,0,,,,,,4/30/2008 0:00,,,2/8/2014 10:01
369,Thin-Jam Hex Nut 13,HJ-5811,FALSE,FALSE,,1000,750,0,0,,,,,0,,,,,,4/30/2008 0:00,,,2/8/2014 10:01
370,Thin-Jam Hex Nut 14,HJ-5818,FALSE,FALSE,,1000,750,0,0,,,,,0,,,,,,4/30/2008 0:00,,,2/8/2014 10:01
371,Thin-Jam Hex Nut 7,HJ-7161,FALSE,FALSE,,1000,750,0,0,,,,,0,,,,,,4/30/2008 0:00,,,2/8/2014 10:01
372,Thin-Jam Hex Nut 8,HJ-7162,FALSE,FALSE,,1000,750,0,0,,,,,0,,,,,,4/30/2008 0:00,,,2/8/2014 10:01
373,Thin-Jam Hex Nut 12,HJ-9080,FALSE,FALSE,,1000,750,0,0,,,,,0,,,,,,4/30/2008 0:00,,,2/8/2014 10:01
374,Thin-Jam Hex Nut 11,HJ-9161,FALSE,FALSE,,1000,750,0,0,,,,,0,,,,,,4/30/2008 0:00,,,2/8/2014 10:01
375,Hex Nut 5,HN-1024,FALSE,FALSE,,1000,750,0,0,,,,,0,,,,,,4/30/2008 0:00,,,2/8/2014 10:01
376,Hex Nut 6,HN-1032,FALSE,FALSE,,1000,750,0,0,,,,,0,,,,,,4/30/2008 0:00,,,2/8/2014 10:01
377,Hex Nut 16,HN-1213,FALSE,FALSE,,1000,750,0,0,,,,,0,,,,,,4/30/2008 0:00,,,2/8/2014 10:01
378,Hex Nut 17,HN-1220,FALSE,FALSE,,1000,750,0,0,,,,,0,,,,,,4/30/2008 0:00,,,2/8/2014 10:01
379,Hex Nut 7,HN-1224,FALSE,FALSE,,1000,750,0,0,,,,,0,,,,,,4/30/2008 0:00,,,2/8/2014 10:01
380,Hex Nut 8,HN-1420,FALSE,FALSE,,1000,750,0,0,,,,,0,,,,,,4/30/2008 0:00,,,2/8/2014 10:01
381,Hex Nut 9,HN-1428,FALSE,FALSE,,1000,750,0,0,,,,,0,,,,,,4/30/2008 0:00,,,2/8/2014 10:01
382,Hex Nut 22,HN-3410,FALSE,FALSE,,1000,750,0,0,,,,,0,,,,,,4/30/2008 0:00,,,2/8/2014 10:01
383,Hex Nut 23,HN-3416,FALSE,FALSE,,1000,750,0,0,,,,,0,,,,,,4/30/2008 0:00,,,2/8/2014 10:01
384,Hex Nut 12,HN-3816,FALSE,FALSE,,1000,750,0,0,,,,,0,,,,,,4/30/2008 0:00,,,2/8/2014 10:01
385,Hex Nut 13,HN-3824,FALSE,FALSE,,1000,750,0,0,,,,,0,,,,,,4/30/2008 0:00,,,2/8/2014 10:01
386,Hex Nut 1,HN-4402,FALSE,FALSE,,1000,750,0,0,,,,,0,,,,,,4/30/2008 0:00,,,2/8/2014 10:01
387,Hex Nut 10,HN-5161,FALSE,FALSE,,1000,750,0,0,,,,,0,,,,,,4/30/2008 0:00,,,2/8/2014 10:01
388,Hex Nut 11,HN-5162,FALSE,FALSE,,1000,750,0,0,,,,,0,,,,,,4/30/2008 0:00,,,2/8/2014 10:01
389,Hex Nut 2,HN-5400,FALSE,FALSE,,1000,750,0,0,,,,,0,,,,,,4/30/2008 0:00,,,2/8/2014 10:01
390,Hex Nut 20,HN-5811,FALSE,FALSE,,1000,750,0,0,,,,,0,,,,,,4/30/2008 0:00,,,2/8/2014 10:01
391,Hex Nut 21,HN-5818,FALSE,FALSE,,1000,750,0,0,,,,,0,,,,,,4/30/2008 0:00,,,2/8/2014 10:01
392,Hex Nut 3,HN-6320,FALSE,FALSE,,1000,750,0,0,,,,,0,,,,,,4/30/2008 0:00,,,2/8/2014 10:01
393,Hex Nut 14,HN-7161,FALSE,FALSE,,1000,750,0,0,,,,,0,,,,,,4/30/2008 0:00,,,2/8/2014 10:01
394,Hex Nut 15,HN-7162,FALSE,FALSE,,1000,750,0,0,,,,,0,,,,,,4/30/2008 0:00,,,2/8/2014 10:01
395,Hex Nut 4,HN-8320,FALSE,FALSE,,1000,750,0,0,,,,,0,,,,,,4/30/2008 0:00,,,2/8/2014 10:01
396,Hex Nut 18,HN-9161,FALSE,FALSE,,1000,750,0,0,,,,,0,,,,,,4/30/2008 0:00,,,2/8/2014 10:01
397,Hex Nut 19,HN-9168,FALSE,FALSE,,1000,750,0,0,,,,,0,,,,,,4/30/2008 0:00,,,2/8/2014 10:01
398,Handlebar Tube,HT-2981,TRUE,FALSE,,800,600,0,0,,,,,1,,,,,,4/30/2008 0:00,,,2/8/2014 10:01
399,Head Tube,HT-8019,TRUE,FALSE,,800,600,0,0,,,,,1,,,,,,4/30/2008 0:00,,,2/8/2014 10:01
400,LL Hub,HU-6280,TRUE,FALSE,,500,375,0,0,,,,,1,,L,,,,4/30/2008 0:00,,,2/8/2014 10:01
401,HL Hub,HU-8998,TRUE,FALSE,,500,375,0,0,,,,,1,,,,,,4/30/2008 0:00,,,2/8/2014 10:01
402,Keyed Washer,KW-4091,FALSE,FALSE,,1000,750,0,0,,,,,0,,,,,,4/30/2008 0:00,,,2/8/2014 10:01
403,External Lock Washer 3,LE-1000,FALSE,FALSE,,1000,750,0,0,,,,,0,,,,,,4/30/2008 0:00,,,2/8/2014 10:01
404,External Lock Washer 4,LE-1200,FALSE,FALSE,,1000,750,0,0,,,,,0,,,,,,4/30/2008 0:00,,,2/8/2014 10:01
405,External Lock Washer 9,LE-1201,FALSE,FALSE,,1000,750,0,0,,,,,0,,,,,,4/30/2008 0:00,,,2/8/2014 10:01
406,External Lock Washer 5,LE-1400,FALSE,FALSE,,1000,750,0,0,,,,,0,,,,,,4/30/2008 0:00,,,2/8/2014 10:01
407,External Lock Washer 7,LE-3800,FALSE,FALSE,,1000,750,0,0,,,,,0,,,,,,4/30/2008 0:00,,,2/8/2014 10:01
408,External Lock Washer 6,LE-5160,FALSE,FALSE,,1000,750,0,0,,,,,0,,,,,,4/30/2008 0:00,,,2/8/2014 10:01
409,External Lock Washer 1,LE-6000,FALSE,FALSE,,1000,750,0,0,,,,,0,,,,,,4/30/2008 0:00,,,2/8/2014 10:01
410,External Lock Washer 8,LE-7160,FALSE,FALSE,,1000,750,0,0,,,,,0,,,,,,4/30/2008 0:00,,,2/8/2014 10:01
411,External Lock Washer 2,LE-8000,FALSE,FALSE,,1000,750,0,0,,,,,0,,,,,,4/30/2008 0:00,,,2/8/2014 10:01
412,Internal Lock Washer 3,LI-1000,FALSE,FALSE,,1000,750,0,0,,,,,0,,,,,,4/30/2008 0:00,,,2/8/2014 10:01
413,Internal Lock Washer 4,LI-1200,FALSE,FALSE,,1000,750,0,0,,,,,0,,,,,,4/30/2008 0:00,,,2/8/2014 10:01
414,Internal Lock Washer 9,LI-1201,FALSE,FALSE,,1000,750,0,0,,,,,0,,,,,,4/30/2008 0:00,,,2/8/2014 10:01
415,Internal Lock Washer 5,LI-1400,FALSE,FALSE,,1000,750,0,0,,,,,0,,,,,,4/30/2008 0:00,,,2/8/2014 10:01
416,Internal Lock Washer 7,LI-3800,FALSE,FALSE,,1000,750,0,0,,,,,0,,,,,,4/30/2008 0:00,,,2/8/2014 10:01
417,Internal Lock Washer 6,LI-5160,FALSE,FALSE,,1000,750,0,0,,,,,0,,,,,,4/30/2008 0:00,,,2/8/2014 10:01
418,Internal Lock Washer 10,LI-5800,FALSE,FALSE,,1000,750,0,0,,,,,0,,,,,,4/30/2008 0:00,,,2/8/2014 10:01
419,Internal Lock Washer 1,LI-6000,FALSE,FALSE,,1000,750,0,0,,,,,0,,,,,,4/30/2008 0:00,,,2/8/2014 10:01
420,Internal Lock Washer 8,LI-7160,FALSE,FALSE,,1000,750,0,0,,,,,0,,,,,,4/30/2008 0:00,,,2/8/2014 10:01
421,Internal Lock Washer 2,LI-8000,FALSE,FALSE,,1000,750,0,0,,,,,0,,,,,,4/30/2008 0:00,,,2/8/2014 10:01
422,Thin-Jam Lock Nut 9,LJ-1213,FALSE,FALSE,,1000,750,0,0,,,,,0,,,,,,4/30/2008 0:00,,,2/8/2014 10:01
423,Thin-Jam Lock Nut 10,LJ-1220,FALSE,FALSE,,1000,750,0,0,,,,,0,,,,,,4/30/2008 0:00,,,2/8/2014 10:01
424,Thin-Jam Lock Nut 1,LJ-1420,FALSE,FALSE,,1000,750,0,0,,,,,0,,,,,,4/30/2008 0:00,,,2/8/2014 10:01
425,Thin-Jam Lock Nut 2,LJ-1428,FALSE,FALSE,,1000,750,0,0,,,,,0,,,,,,4/30/2008 0:00,,,2/8/2014 10:01
426,Thin-Jam Lock Nut 15,LJ-3410,FALSE,FALSE,,1000,750,0,0,,,,,0,,,,,,4/30/2008 0:00,,,2/8/2014 10:01
427,Thin-Jam Lock Nut 16,LJ-3416,FALSE,FALSE,,1000,750,0,0,,,,,0,,,,,,4/30/2008 0:00,,,2/8/2014 10:01
428,Thin-Jam Lock Nut 5,LJ-3816,FALSE,FALSE,,1000,750,0,0,,,,,0,,,,,,4/30/2008 0:00,,,2/8/2014 10:01
429,Thin-Jam Lock Nut 6,LJ-3824,FALSE,FALSE,,1000,750,0,0,,,,,0,,,,,,4/30/2008 0:00,,,2/8/2014 10:01
430,Thin-Jam Lock Nut 3,LJ-5161,FALSE,FALSE,,1000,750,0,0,,,,,0,,,,,,4/30/2008 0:00,,,2/8/2014 10:01
431,Thin-Jam Lock Nut 4,LJ-5162,FALSE,FALSE,,1000,750,0,0,,,,,0,,,,,,4/30/2008 0:00,,,2/8/2014 10:01
432,Thin-Jam Lock Nut 13,LJ-5811,FALSE,FALSE,,1000,750,0,0,,,,,0,,,,,,4/30/2008 0:00,,,2/8/2014 10:01
433,Thin-Jam Lock Nut 14,LJ-5818,FALSE,FALSE,,1000,750,0,0,,,,,0,,,,,,4/30/2008 0:00,,,2/8/2014 10:01
434,Thin-Jam Lock Nut 7,LJ-7161,FALSE,FALSE,,1000,750,0,0,,,,,0,,,,,,4/30/2008 0:00,,,2/8/2014 10:01
435,Thin-Jam Lock Nut 8,LJ-7162,FALSE,FALSE,,1000,750,0,0,,,,,0,,,,,,4/30/2008 0:00,,,2/8/2014 10:01
436,Thin-Jam Lock Nut 12,LJ-9080,FALSE,FALSE,,1000,750,0,0,,,,,0,,,,,,4/30/2008 0:00,,,2/8/2014 10:01
437,Thin-Jam Lock Nut 11,LJ-9161,FALSE,FALSE,,1000,750,0,0,,,,,0,,,,,,4/30/2008 0:00,,,2/8/2014 10:01
438,Lock Nut 5,LN-1024,FALSE,FALSE,,1000,750,0,0,,,,,0,,,,,,4/30/2008 0:00,,,2/8/2014 10:01
439,Lock Nut 6,LN-1032,FALSE,FALSE,,1000,750,0,0,,,,,0,,,,,,4/30/2008 0:00,,,2/8/2014 10:01
440,Lock Nut 16,LN-1213,FALSE,FALSE,,1000,750,0,0,,,,,0,,,,,,4/30/2008 0:00,,,2/8/2014 10:01
441,Lock Nut 17,LN-1220,FALSE,FALSE,,1000,750,0,0,,,,,0,,,,,,4/30/2008 0:00,,,2/8/2014 10:01
442,Lock Nut 7,LN-1224,FALSE,FALSE,,1000,750,0,0,,,,,0,,,,,,4/30/2008 0:00,,,2/8/2014 10:01
443,Lock Nut 8,LN-1420,FALSE,FALSE,,1000,750,0,0,,,,,0,,,,,,4/30/2008 0:00,,,2/8/2014 10:01
444,Lock Nut 9,LN-1428,FALSE,FALSE,,1000,750,0,0,,,,,0,,,,,,4/30/2008 0:00,,,2/8/2014 10:01
445,Lock Nut 22,LN-3410,FALSE,FALSE,,1000,750,0,0,,,,,0,,,,,,4/30/2008 0:00,,,2/8/2014 10:01
446,Lock Nut 23,LN-3416,FALSE,FALSE,,1000,750,0,0,,,,,0,,,,,,4/30/2008 0:00,,,2/8/2014 10:01
447,Lock Nut 12,LN-3816,FALSE,FALSE,,1000,750,0,0,,,,,0,,,,,,4/30/2008 0:00,,,2/8/2014 10:01
448,Lock Nut 13,LN-3824,FALSE,FALSE,,1000,750,0,0,,,,,0,,,,,,4/30/2008 0:00,,,2/8/2014 10:01
449,Lock Nut 1,LN-4400,FALSE,FALSE,,1000,750,0,0,,,,,0,,,,,,4/30/2008 0:00,,,2/8/2014 10:01
450,Lock Nut 10,LN-5161,FALSE,FALSE,,1000,750,0,0,,,,,0,,,,,,4/30/2008 0:00,,,2/8/2014 10:01
451,Lock Nut 11,LN-5162,FALSE,FALSE,,1000,750,0,0,,,,,0,,,,,,4/30/2008 0:00,,,2/8/2014 10:01
452,Lock Nut 2,LN-5400,FALSE,FALSE,,1000,750,0,0,,,,,0,,,,,,4/30/2008 0:00,,,2/8/2014 10:01
453,Lock Nut 20,LN-5811,FALSE,FALSE,,1000,750,0,0,,,,,0,,,,,,4/30/2008 0:00,,,2/8/2014 10:01
454,Lock Nut 21,LN-5818,FALSE,FALSE,,1000,750,0,0,,,,,0,,,,,,4/30/2008 0:00,,,2/8/2014 10:01
455,Lock Nut 3,LN-6320,FALSE,FALSE,,1000,750,0,0,,,,,0,,,,,,4/30/2008 0:00,,,2/8/2014 10:01
456,Lock Nut 14,LN-7161,FALSE,FALSE,,1000,750,0,0,,,,,0,,,,,,4/30/2008 0:00,,,2/8/2014 10:01
457,Lock Nut 15,LN-7162,FALSE,FALSE,,1000,750,0,0,,,,,0,,,,,,4/30/2008 0:00,,,2/8/2014 10:01
458,Lock Nut 4,LN-8320,FALSE,FALSE,,1000,750,0,0,,,,,0,,,,,,4/30/2008 0:00,,,2/8/2014 10:01
459,Lock Nut 19,LN-9080,FALSE,FALSE,,1000,750,0,0,,,,,0,,,,,,4/30/2008 0:00,,,2/8/2014 10:01
460,Lock Nut 18,LN-9161,FALSE,FALSE,,1000,750,0,0,,,,,0,,,,,,4/30/2008 0:00,,,2/8/2014 10:01
461,Lock Ring,LR-2398,FALSE,FALSE,Silver,1000,750,0,0,,,,,0,,,,,,4/30/2008 0:00,,,2/8/2014 10:01
462,Lower Head Race,LR-8520,FALSE,FALSE,,1000,750,0,0,,,,,0,,,,,,4/30/2008 0:00,,,2/8/2014 10:01
463,Lock Washer 4,LW-1000,FALSE,FALSE,,1000,750,0,0,,,,,0,,,,,,4/30/2008 0:00,,,2/8/2014 10:01
464,Lock Washer 5,LW-1200,FALSE,FALSE,,1000,750,0,0,,,,,0,,,,,,4/30/2008 0:00,,,2/8/2014 10:01
465,Lock Washer 10,LW-1201,FALSE,FALSE,,1000,750,0,0,,,,,0,,,,,,4/30/2008 0:00,,,2/8/2014 10:01
466,Lock Washer 6,LW-1400,FALSE,FALSE,,1000,750,0,0,,,,,0,,,,,,4/30/2008 0:00,,,2/8/2014 10:01
467,Lock Washer 13,LW-3400,FALSE,FALSE,,1000,750,0,0,,,,,0,,,,,,4/30/2008 0:00,,,2/8/2014 10:01
468,Lock Washer 8,LW-3800,FALSE,FALSE,,1000,750,0,0,,,,,0,,,,,,4/30/2008 0:00,,,2/8/2014 10:01
469,Lock Washer 1,LW-4000,FALSE,FALSE,,1000,750,0,0,,,,,0,,,,,,4/30/2008 0:00,,,2/8/2014 10:01
470,Lock Washer 7,LW-5160,FALSE,FALSE,,1000,750,0,0,,,,,0,,,,,,4/30/2008 0:00,,,2/8/2014 10:01
471,Lock Washer 12,LW-5800,FALSE,FALSE,,1000,750,0,0,,,,,0,,,,,,4/30/2008 0:00,,,2/8/2014 10:01
472,Lock Washer 2,LW-6000,FALSE,FALSE,,1000,750,0,0,,,,,0,,,,,,4/30/2008 0:00,,,2/8/2014 10:01
473,Lock Washer 9,LW-7160,FALSE,FALSE,,1000,750,0,0,,,,,0,,,,,,4/30/2008 0:00,,,2/8/2014 10:01
474,Lock Washer 3,LW-8000,FALSE,FALSE,,1000,750,0,0,,,,,0,,,,,,4/30/2008 0:00,,,2/8/2014 10:01
475,Lock Washer 11,LW-9160,FALSE,FALSE,,1000,750,0,0,,,,,0,,,,,,4/30/2008 0:00,,,2/8/2014 10:01
476,Metal Angle,MA-7075,FALSE,FALSE,,1000,750,0,0,,,,,0,,,,,,4/30/2008 0:00,,,2/8/2014 10:01
477,Metal Bar 1,MB-2024,FALSE,FALSE,,1000,750,0,0,,,,,0,,,,,,4/30/2008 0:00,,,2/8/2014 10:01
478,Metal Bar 2,MB-6061,FALSE,FALSE,,1000,750,0,0,,,,,0,,,,,,4/30/2008 0:00,,,2/8/2014 10:01
479,Metal Plate 2,MP-2066,FALSE,FALSE,,1000,750,0,0,,,,,0,,,,,,4/30/2008 0:00,,,2/8/2014 10:01
480,Metal Plate 1,MP-2503,FALSE,FALSE,,1000,750,0,0,,,,,0,,,,,,4/30/2008 0:00,,,2/8/2014 10:01
481,Metal Plate 3,MP-4960,FALSE,FALSE,,1000,750,0,0,,,,,0,,,,,,4/30/2008 0:00,,,2/8/2014 10:01
482,Metal Sheet 2,MS-0253,FALSE,FALSE,,1000,750,0,0,,,,,0,,,,,,4/30/2008 0:00,,,2/8/2014 10:01
483,Metal Sheet 3,MS-1256,FALSE,FALSE,,1000,750,0,0,,,,,0,,,,,,4/30/2008 0:00,,,2/8/2014 10:01
484,Metal Sheet 7,MS-1981,FALSE,FALSE,,1000,750,0,0,,,,,0,,,,,,4/30/2008 0:00,,,2/8/2014 10:01
485,Metal Sheet 4,MS-2259,FALSE,FALSE,,1000,750,0,0,,,,,0,,,,,,4/30/2008 0:00,,,2/8/2014 10:01
486,Metal Sheet 5,MS-2341,FALSE,FALSE,,1000,750,0,0,,,,,0,,,,,,4/30/2008 0:00,,,2/8/2014 10:01
487,Metal Sheet 6,MS-2348,FALSE,FALSE,,1000,750,0,0,,,,,0,,,,,,4/30/2008 0:00,,,2/8/2014 10:01
488,Metal Sheet 1,MS-6061,FALSE,FALSE,,1000,750,0,0,,,,,0,,,,,,4/30/2008 0:00,,,2/8/2014 10:01
489,Metal Tread Plate,MT-1000,FALSE,FALSE,,1000,750,0,0,,,,,0,,,,,,4/30/2008 0:00,,,2/8/2014 10:01
490,LL Nipple,NI-4127,FALSE,FALSE,,1000,750,0,0,,,,,0,,L,,,,4/30/2008 0:00,,,2/8/2014 10:01
491,HL Nipple,NI-9522,FALSE,FALSE,,1000,750,0,0,,,,,0,,,,,,4/30/2008 0:00,,,2/8/2014 10:01
492,Paint - Black,PA-187B,FALSE,FALSE,,60,45,0,0,,,,,0,,,,,,4/30/2008 0:00,,,2/8/2014 10:01
493,Paint - Red,PA-361R,FALSE,FALSE,,60,45,0,0,,,,,0,,,,,,4/30/2008 0:00,,,2/8/2014 10:01
494,Paint - Silver,PA-529S,FALSE,FALSE,,60,45,0,0,,,,,0,,,,,,4/30/2008 0:00,,,2/8/2014 10:01
495,Paint - Blue,PA-632U,FALSE,FALSE,,60,45,0,0,,,,,0,,,,,,4/30/2008 0:00,,,2/8/2014 10:01
496,Paint - Yellow,PA-823Y,FALSE,FALSE,,60,45,0,0,,,,,0,,,,,,4/30/2008 0:00,,,2/8/2014 10:01
497,Pinch Bolt,PB-6109,FALSE,FALSE,,1000,750,0,0,,,,,0,,,,,,4/30/2008 0:00,,,2/8/2014 10:01
504,Cup-Shaped Race,RA-2345,FALSE,FALSE,,1000,750,0,0,,,,,0,,,,,,4/30/2008 0:00,,,2/8/2014 10:01
505,Cone-Shaped Race,RA-7490,FALSE,FALSE,,1000,750,0,0,,,,,0,,,,,,4/30/2008 0:00,,,2/8/2014 10:01
506,Reflector,RF-9198,FALSE,FALSE,,1000,750,0,0,,,,,0,,,,,,4/30/2008 0:00,,,2/8/2014 10:01
507,LL Mountain Rim,RM-M464,FALSE,FALSE,,800,600,0,0,,,G,435,0,,L,,,,4/30/2008 0:00,,,2/8/2014 10:01
508,ML Mountain Rim,RM-M692,FALSE,FALSE,,800,600,0,0,,,G,450,0,,M,,,,4/30/2008 0:00,,,2/8/2014 10:01
509,HL Mountain Rim,RM-M823,FALSE,FALSE,,800,600,0,0,,,G,400,0,,,,,,4/30/2008 0:00,,,2/8/2014 10:01
510,LL Road Rim,RM-R436,FALSE,FALSE,,800,600,0,0,,,G,445,0,,L,,,,4/30/2008 0:00,,,2/8/2014 10:01
511,ML Road Rim,RM-R600,FALSE,FALSE,,800,600,0,0,,,G,450,0,,M,,,,4/30/2008 0:00,,,2/8/2014 10:01
512,HL Road Rim,RM-R800,FALSE,FALSE,,800,600,0,0,,,G,400,0,,,,,,4/30/2008 0:00,,,2/8/2014 10:01
513,Touring Rim,RM-T801,FALSE,FALSE,,800,600,0,0,,,G,460,0,,,,,,4/30/2008 0:00,,,2/8/2014 10:01
514,LL Mountain Seat Assembly,SA-M198,TRUE,FALSE,,500,375,98.77,133.34,,,,,1,,L,,,,4/30/2008 0:00,,,2/8/2014 10:01
515,ML Mountain Seat Assembly,SA-M237,TRUE,FALSE,,500,375,108.99,147.14,,,,,1,,M,,,,4/30/2008 0:00,,,2/8/2014 10:01
516,HL Mountain Seat Assembly,SA-M687,TRUE,FALSE,,500,375,145.87,196.92,,,,,1,,,,,,4/30/2008 0:00,,,2/8/2014 10:01
517,LL Road Seat Assembly,SA-R127,TRUE,FALSE,,500,375,98.77,133.34,,,,,1,,L,,,,4/30/2008 0:00,,,2/8/2014 10:01
518,ML Road Seat Assembly,SA-R430,TRUE,FALSE,,500,375,108.99,147.14,,,,,1,,M,,,,4/30/2008 0:00,,,2/8/2014 10:01
519,HL Road Seat Assembly,SA-R522,TRUE,FALSE,,500,375,145.87,196.92,,,,,1,,,,,,4/30/2008 0:00,,,2/8/2014 10:01
520,LL Touring Seat Assembly,SA-T467,TRUE,FALSE,,500,375,98.77,133.34,,,,,1,,L,,,,4/30/2008 0:00,,,2/8/2014 10:01
521,ML Touring Seat Assembly,SA-T612,TRUE,FALSE,,500,375,108.99,147.14,,,,,1,,M,,,,4/30/2008 0:00,,,2/8/2014 10:01
522,HL Touring Seat Assembly,SA-T872,TRUE,FALSE,,500,375,145.87,196.92,,,,,1,,,,,,4/30/2008 0:00,,,2/8/2014 10:01
523,LL Spindle/Axle,SD-2342,FALSE,FALSE,,500,375,0,0,,,,,0,,L,,,,4/30/2008 0:00,,,2/8/2014 10:01
524,HL Spindle/Axle,SD-9872,FALSE,FALSE,,500,375,0,0,,,,,0,,,,,,4/30/2008 0:00,,,2/8/2014 10:01
525,LL Shell,SH-4562,FALSE,FALSE,,800,600,0,0,,,,,0,,L,,,,4/30/2008 0:00,,,2/8/2014 10:01
526,HL Shell,SH-9312,FALSE,FALSE,,800,600,0,0,,,,,0,,,,,,4/30/2008 0:00,,,2/8/2014 10:01
527,Spokes,SK-9283,FALSE,FALSE,,1000,750,0,0,,,,,0,,,,,,4/30/2008 0:00,,,2/8/2014 10:01
528,Seat Lug,SL-0931,FALSE,FALSE,,1000,750,0,0,,,,,0,,,,,,4/30/2008 0:00,,,2/8/2014 10:01
529,Stem,SM-9087,TRUE,FALSE,,500,375,0,0,,,,,1,,,,,,4/30/2008 0:00,,,2/8/2014 10:01
530,Seat Post,SP-2981,FALSE,FALSE,,500,375,0,0,,,,,0,,,,,,4/30/2008 0:00,,,2/8/2014 10:01
531,Steerer,SR-2098,TRUE,FALSE,,500,375,0,0,,,,,1,,,,,,4/30/2008 0:00,,,2/8/2014 10:01
532,Seat Stays,SS-2985,TRUE,FALSE,,800,600,0,0,,,,,1,,,,,,4/30/2008 0:00,,,2/8/2014 10:01
533,Seat Tube,ST-9828,TRUE,FALSE,,500,375,0,0,,,,,1,,,,,,4/30/2008 0:00,,,2/8/2014 10:01
534,Top Tube,TO-2301,TRUE,FALSE,,500,375,0,0,,,,,1,,,,,,4/30/2008 0:00,,,2/8/2014 10:01
535,Tension Pulley,TP-0923,FALSE,FALSE,,800,600,0,0,,,,,0,,,,,,4/30/2008 0:00,,,2/8/2014 10:01
679,Rear Derailleur Cage,RC-0291,FALSE,FALSE,Silver,500,375,0,0,,,,,0,,,,,,4/30/2008 0:00,,,2/8/2014 10:01
680,"HL Road Frame - Black, 58",FR-R92B-58,TRUE,TRUE,Black,500,375,1059.31,1431.5,58,CM,LB,2.24,1,R,H,U,14,6,4/30/2008 0:00,,,2/8/2014 10:01
706,"HL Road Frame - Red, 58",FR-R92R-58,TRUE,TRUE,Red,500,375,1059.31,1431.5,58,CM,LB,2.24,1,R,H,U,14,6,4/30/2008 0:00,,,2/8/2014 10:01
707,"Sport-100 Helmet, Red",HL-U509-R,FALSE,TRUE,Red,4,3,13.0863,34.99,,,,,0,S,,,31,33,5/31/2011 0:00,,,2/8/2014 10:01
708,"Sport-100 Helmet, Black",HL-U509,FALSE,TRUE,Black,4,3,13.0863,34.99,,,,,0,S,,,31,33,5/31/2011 0:00,,,2/8/2014 10:01
709,"Mountain Bike Socks, M",SO-B909-M,FALSE,TRUE,White,4,3,3.3963,9.5,M,,,,0,M,,U,23,18,5/31/2011 0:00,5/29/2012 0:00,,2/8/2014 10:01
710,"Mountain Bike Socks, L",SO-B909-L,FALSE,TRUE,White,4,3,3.3963,9.5,L,,,,0,M,,U,23,18,5/31/2011 0:00,5/29/2012 0:00,,2/8/2014 10:01
711,"Sport-100 Helmet, Blue",HL-U509-B,FALSE,TRUE,Blue,4,3,13.0863,34.99,,,,,0,S,,,31,33,5/31/2011 0:00,,,2/8/2014 10:01
712,AWC Logo Cap,CA-1098,FALSE,TRUE,Multi,4,3,6.9223,8.99,,,,,0,S,,U,19,2,5/31/2011 0:00,,,2/8/2014 10:01
713,"Long-Sleeve Logo Jersey, S",LJ-0192-S,FALSE,TRUE,Multi,4,3,38.4923,49.99,S,,,,0,S,,U,21,11,5/31/2011 0:00,,,2/8/2014 10:01
714,"Long-Sleeve Logo Jersey, M",LJ-0192-M,FALSE,TRUE,Multi,4,3,38.4923,49.99,M,,,,0,S,,U,21,11,5/31/2011 0:00,,,2/8/2014 10:01
715,"Long-Sleeve Logo Jersey, L",LJ-0192-L,FALSE,TRUE,Multi,4,3,38.4923,49.99,L,,,,0,S,,U,21,11,5/31/2011 0:00,,,2/8/2014 10:01
716,"Long-Sleeve Logo Jersey, XL",LJ-0192-X,FALSE,TRUE,Multi,4,3,38.4923,49.99,XL,,,,0,S,,U,21,11,5/31/2011 0:00,,,2/8/2014 10:01
717,"HL Road Frame - Red, 62",FR-R92R-62,TRUE,TRUE,Red,500,375,868.6342,1431.5,62,CM,LB,2.3,1,R,H,U,14,6,5/31/2011 0:00,,,2/8/2014 10:01
718,"HL Road Frame - Red, 44",FR-R92R-44,TRUE,TRUE,Red,500,375,868.6342,1431.5,44,CM,LB,2.12,1,R,H,U,14,6,5/31/2011 0:00,,,2/8/2014 10:01
719,"HL Road Frame - Red, 48",FR-R92R-48,TRUE,TRUE,Red,500,375,868.6342,1431.5,48,CM,LB,2.16,1,R,H,U,14,6,5/31/2011 0:00,,,2/8/2014 10:01
720,"HL Road Frame - Red, 52",FR-R92R-52,TRUE,TRUE,Red,500,375,868.6342,1431.5,52,CM,LB,2.2,1,R,H,U,14,6,5/31/2011 0:00,,,2/8/2014 10:01
721,"HL Road Frame - Red, 56",FR-R92R-56,TRUE,TRUE,Red,500,375,868.6342,1431.5,56,CM,LB,2.24,1,R,H,U,14,6,5/31/2011 0:00,,,2/8/2014 10:01
722,"LL Road Frame - Black, 58",FR-R38B-58,TRUE,TRUE,Black,500,375,204.6251,337.22,58,CM,LB,2.46,1,R,L,U,14,9,5/31/2011 0:00,,,2/8/2014 10:01
723,"LL Road Frame - Black, 60",FR-R38B-60,TRUE,TRUE,Black,500,375,204.6251,337.22,60,CM,LB,2.48,1,R,L,U,14,9,5/31/2011 0:00,,,2/8/2014 10:01
724,"LL Road Frame - Black, 62",FR-R38B-62,TRUE,TRUE,Black,500,375,204.6251,337.22,62,CM,LB,2.5,1,R,L,U,14,9,5/31/2011 0:00,,,2/8/2014 10:01
725,"LL Road Frame - Red, 44",FR-R38R-44,TRUE,TRUE,Red,500,375,187.1571,337.22,44,CM,LB,2.32,1,R,L,U,14,9,5/31/2011 0:00,5/29/2013 0:00,,2/8/2014 10:01
726,"LL Road Frame - Red, 48",FR-R38R-48,TRUE,TRUE,Red,500,375,187.1571,337.22,48,CM,LB,2.36,1,R,L,U,14,9,5/31/2011 0:00,5/29/2013 0:00,,2/8/2014 10:01
727,"LL Road Frame - Red, 52",FR-R38R-52,TRUE,TRUE,Red,500,375,187.1571,337.22,52,CM,LB,2.4,1,R,L,U,14,9,5/31/2011 0:00,5/29/2013 0:00,,2/8/2014 10:01
728,"LL Road Frame - Red, 58",FR-R38R-58,TRUE,TRUE,Red,500,375,187.1571,337.22,58,CM,LB,2.46,1,R,L,U,14,9,5/31/2011 0:00,5/29/2013 0:00,,2/8/2014 10:01
729,"LL Road Frame - Red, 60",FR-R38R-60,TRUE,TRUE,Red,500,375,187.1571,337.22,60,CM,LB,2.48,1,R,L,U,14,9,5/31/2011 0:00,5/29/2013 0:00,,2/8/2014 10:01
730,"LL Road Frame - Red, 62",FR-R38R-62,TRUE,TRUE,Red,500,375,187.1571,337.22,62,CM,LB,2.5,1,R,L,U,14,9,5/31/2011 0:00,5/29/2013 0:00,,2/8/2014 10:01
731,"ML Road Frame - Red, 44",FR-R72R-44,TRUE,TRUE,Red,500,375,352.1394,594.83,44,CM,LB,2.22,1,R,M,U,14,16,5/31/2011 0:00,5/29/2012 0:00,,2/8/2014 10:01
732,"ML Road Frame - Red, 48",FR-R72R-48,TRUE,TRUE,Red,500,375,352.1394,594.83,48,CM,LB,2.26,1,R,M,U,14,16,5/31/2011 0:00,5/29/2012 0:00,,2/8/2014 10:01
733,"ML Road Frame - Red, 52",FR-R72R-52,TRUE,TRUE,Red,500,375,352.1394,594.83,52,CM,LB,2.3,1,R,M,U,14,16,5/31/2011 0:00,5/29/2012 0:00,,2/8/2014 10:01
734,"ML Road Frame - Red, 58",FR-R72R-58,TRUE,TRUE,Red,500,375,352.1394,594.83,58,CM,LB,2.36,1,R,M,U,14,16,5/31/2011 0:00,5/29/2012 0:00,,2/8/2014 10:01
735,"ML Road Frame - Red, 60",FR-R72R-60,TRUE,TRUE,Red,500,375,352.1394,594.83,60,CM,LB,2.38,1,R,M,U,14,16,5/31/2011 0:00,5/29/2012 0:00,,2/8/2014 10:01
736,"LL Road Frame - Black, 44",FR-R38B-44,TRUE,TRUE,Black,500,375,204.6251,337.22,44,CM,LB,2.32,1,R,L,U,14,9,5/31/2011 0:00,,,2/8/2014 10:01
737,"LL Road Frame - Black, 48",FR-R38B-48,TRUE,TRUE,Black,500,375,204.6251,337.22,48,CM,LB,2.36,1,R,L,U,14,9,5/31/2011 0:00,,,2/8/2014 10:01
738,"LL Road Frame - Black, 52",FR-R38B-52,TRUE,TRUE,Black,500,375,204.6251,337.22,52,CM,LB,2.4,1,R,L,U,14,9,5/31/2011 0:00,,,2/8/2014 10:01
739,"HL Mountain Frame - Silver, 42",FR-M94S-42,TRUE,TRUE,Silver,500,375,747.2002,1364.5,42,CM,LB,2.72,1,M,H,U,12,5,5/31/2011 0:00,,,2/8/2014 10:01
740,"HL Mountain Frame - Silver, 44",FR-M94S-44,TRUE,TRUE,Silver,500,375,706.811,1364.5,44,CM,LB,2.76,1,M,H,U,12,5,5/31/2011 0:00,5/29/2012 0:00,,2/8/2014 10:01
741,"HL Mountain Frame - Silver, 48",FR-M94S-52,TRUE,TRUE,Silver,500,375,706.811,1364.5,48,CM,LB,2.8,1,M,H,U,12,5,5/31/2011 0:00,5/29/2012 0:00,,2/8/2014 10:01
742,"HL Mountain Frame - Silver, 46",FR-M94S-46,TRUE,TRUE,Silver,500,375,747.2002,1364.5,46,CM,LB,2.84,1,M,H,U,12,5,5/31/2011 0:00,,,2/8/2014 10:01
743,"HL Mountain Frame - Black, 42",FR-M94B-42,TRUE,TRUE,Black,500,375,739.041,1349.6,42,CM,LB,2.72,1,M,H,U,12,5,5/31/2011 0:00,,,2/8/2014 10:01
744,"HL Mountain Frame - Black, 44",FR-M94B-44,TRUE,TRUE,Black,500,375,699.0928,1349.6,44,CM,LB,2.76,1,M,H,U,12,5,5/31/2011 0:00,5/29/2012 0:00,,2/8/2014 10:01
745,"HL Mountain Frame - Black, 48",FR-M94B-48,TRUE,TRUE,Black,500,375,699.0928,1349.6,48,CM,LB,2.8,1,M,H,U,12,5,5/31/2011 0:00,5/29/2012 0:00,,2/8/2014 10:01
746,"HL Mountain Frame - Black, 46",FR-M94B-46,TRUE,TRUE,Black,500,375,739.041,1349.6,46,CM,LB,2.84,1,M,H,U,12,5,5/31/2011 0:00,,,2/8/2014 10:01
747,"HL Mountain Frame - Black, 38",FR-M94B-38,TRUE,TRUE,Black,500,375,739.041,1349.6,38,CM,LB,2.68,2,M,H,U,12,5,5/31/2011 0:00,,,2/8/2014 10:01
748,"HL Mountain Frame - Silver, 38",FR-M94S-38,TRUE,TRUE,Silver,500,375,747.2002,1364.5,38,CM,LB,2.68,2,M,H,U,12,5,5/31/2011 0:00,,,2/8/2014 10:01
749,"Road-150 Red, 62",BK-R93R-62,TRUE,TRUE,Red,100,75,2171.2942,3578.27,62,CM,LB,15,4,R,H,U,2,25,5/31/2011 0:00,5/29/2012 0:00,,2/8/2014 10:01
750,"Road-150 Red, 44",BK-R93R-44,TRUE,TRUE,Red,100,75,2171.2942,3578.27,44,CM,LB,13.77,4,R,H,U,2,25,5/31/2011 0:00,5/29/2012 0:00,,2/8/2014 10:01
751,"Road-150 Red, 48",BK-R93R-48,TRUE,TRUE,Red,100,75,2171.2942,3578.27,48,CM,LB,14.13,4,R,H,U,2,25,5/31/2011 0:00,5/29/2012 0:00,,2/8/2014 10:01
752,"Road-150 Red, 52",BK-R93R-52,TRUE,TRUE,Red,100,75,2171.2942,3578.27,52,CM,LB,14.42,4,R,H,U,2,25,5/31/2011 0:00,5/29/2012 0:00,,2/8/2014 10:01
753,"Road-150 Red, 56",BK-R93R-56,TRUE,TRUE,Red,100,75,2171.2942,3578.27,56,CM,LB,14.68,4,R,H,U,2,25,5/31/2011 0:00,5/29/2012 0:00,,2/8/2014 10:01
754,"Road-450 Red, 58",BK-R68R-58,TRUE,TRUE,Red,100,75,884.7083,1457.99,58,CM,LB,17.79,4,R,M,U,2,28,5/31/2011 0:00,5/29/2012 0:00,,2/8/2014 10:01
755,"Road-450 Red, 60",BK-R68R-60,TRUE,TRUE,Red,100,75,884.7083,1457.99,60,CM,LB,17.9,4,R,M,U,2,28,5/31/2011 0:00,5/29/2012 0:00,,2/8/2014 10:01
756,"Road-450 Red, 44",BK-R68R-44,TRUE,TRUE,Red,100,75,884.7083,1457.99,44,CM,LB,16.77,4,R,M,U,2,28,5/31/2011 0:00,5/29/2012 0:00,,2/8/2014 10:01
757,"Road-450 Red, 48",BK-R68R-48,TRUE,TRUE,Red,100,75,884.7083,1457.99,48,CM,LB,17.13,4,R,M,U,2,28,5/31/2011 0:00,5/29/2012 0:00,,2/8/2014 10:01
758,"Road-450 Red, 52",BK-R68R-52,TRUE,TRUE,Red,100,75,884.7083,1457.99,52,CM,LB,17.42,4,R,M,U,2,28,5/31/2011 0:00,5/29/2012 0:00,,2/8/2014 10:01
759,"Road-650 Red, 58",BK-R50R-58,TRUE,TRUE,Red,100,75,486.7066,782.99,58,CM,LB,19.79,4,R,L,U,2,30,5/31/2011 0:00,5/29/2013 0:00,,2/8/2014 10:01
760,"Road-650 Red, 60",BK-R50R-60,TRUE,TRUE,Red,100,75,486.7066,782.99,60,CM,LB,19.9,4,R,L,U,2,30,5/31/2011 0:00,5/29/2013 0:00,,2/8/2014 10:01
761,"Road-650 Red, 62",BK-R50R-62,TRUE,TRUE,Red,100,75,486.7066,782.99,62,CM,LB,20,4,R,L,U,2,30,5/31/2011 0:00,5/29/2013 0:00,,2/8/2014 10:01
762,"Road-650 Red, 44",BK-R50R-44,TRUE,TRUE,Red,100,75,486.7066,782.99,44,CM,LB,18.77,4,R,L,U,2,30,5/31/2011 0:00,5/29/2013 0:00,,2/8/2014 10:01
763,"Road-650 Red, 48",BK-R50R-48,TRUE,TRUE,Red,100,75,486.7066,782.99,48,CM,LB,19.13,4,R,L,U,2,30,5/31/2011 0:00,5/29/2013 0:00,,2/8/2014 10:01
764,"Road-650 Red, 52",BK-R50R-52,TRUE,TRUE,Red,100,75,486.7066,782.99,52,CM,LB,19.42,4,R,L,U,2,30,5/31/2011 0:00,5/29/2013 0:00,,2/8/2014 10:01
765,"Road-650 Black, 58",BK-R50B-58,TRUE,TRUE,Black,100,75,486.7066,782.99,58,CM,LB,19.79,4,R,L,U,2,30,5/31/2011 0:00,5/29/2013 0:00,,2/8/2014 10:01
766,"Road-650 Black, 60",BK-R50B-60,TRUE,TRUE,Black,100,75,486.7066,782.99,60,CM,LB,19.9,4,R,L,U,2,30,5/31/2011 0:00,5/29/2013 0:00,,2/8/2014 10:01
767,"Road-650 Black, 62",BK-R50B-62,TRUE,TRUE,Black,100,75,486.7066,782.99,62,CM,LB,20,4,R,L,U,2,30,5/31/2011 0:00,5/29/2013 0:00,,2/8/2014 10:01
768,"Road-650 Black, 44",BK-R50B-44,TRUE,TRUE,Black,100,75,486.7066,782.99,44,CM,LB,18.77,4,R,L,U,2,30,5/31/2011 0:00,5/29/2013 0:00,,2/8/2014 10:01
769,"Road-650 Black, 48",BK-R50B-48,TRUE,TRUE,Black,100,75,486.7066,782.99,48,CM,LB,19.13,4,R,L,U,2,30,5/31/2011 0:00,5/29/2013 0:00,,2/8/2014 10:01
770,"Road-650 Black, 52",BK-R50B-52,TRUE,TRUE,Black,100,75,486.7066,782.99,52,CM,LB,19.42,4,R,L,U,2,30,5/31/2011 0:00,5/29/2013 0:00,,2/8/2014 10:01
771,"Mountain-100 Silver, 38",BK-M82S-38,TRUE,TRUE,Silver,100,75,1912.1544,3399.99,38,CM,LB,20.35,4,M,H,U,1,19,5/31/2011 0:00,5/29/2012 0:00,,2/8/2014 10:01
772,"Mountain-100 Silver, 42",BK-M82S-42,TRUE,TRUE,Silver,100,75,1912.1544,3399.99,42,CM,LB,20.77,4,M,H,U,1,19,5/31/2011 0:00,5/29/2012 0:00,,2/8/2014 10:01
773,"Mountain-100 Silver, 44",BK-M82S-44,TRUE,TRUE,Silver,100,75,1912.1544,3399.99,44,CM,LB,21.13,4,M,H,U,1,19,5/31/2011 0:00,5/29/2012 0:00,,2/8/2014 10:01
774,"Mountain-100 Silver, 48",BK-M82S-48,TRUE,TRUE,Silver,100,75,1912.1544,3399.99,48,CM,LB,21.42,4,M,H,U,1,19,5/31/2011 0:00,5/29/2012 0:00,,2/8/2014 10:01
775,"Mountain-100 Black, 38",BK-M82B-38,TRUE,TRUE,Black,100,75,1898.0944,3374.99,38,CM,LB,20.35,4,M,H,U,1,19,5/31/2011 0:00,5/29/2012 0:00,,2/8/2014 10:01
776,"Mountain-100 Black, 42",BK-M82B-42,TRUE,TRUE,Black,100,75,1898.0944,3374.99,42,CM,LB,20.77,4,M,H,U,1,19,5/31/2011 0:00,5/29/2012 0:00,,2/8/2014 10:01
777,"Mountain-100 Black, 44",BK-M82B-44,TRUE,TRUE,Black,100,75,1898.0944,3374.99,44,CM,LB,21.13,4,M,H,U,1,19,5/31/2011 0:00,5/29/2012 0:00,,2/8/2014 10:01
778,"Mountain-100 Black, 48",BK-M82B-48,TRUE,TRUE,Black,100,75,1898.0944,3374.99,48,CM,LB,21.42,4,M,H,U,1,19,5/31/2011 0:00,5/29/2012 0:00,,2/8/2014 10:01
779,"Mountain-200 Silver, 38",BK-M68S-38,TRUE,TRUE,Silver,100,75,1265.6195,2319.99,38,CM,LB,23.35,4,M,H,U,1,20,5/30/2012 0:00,,,2/8/2014 10:01
780,"Mountain-200 Silver, 42",BK-M68S-42,TRUE,TRUE,Silver,100,75,1265.6195,2319.99,42,CM,LB,23.77,4,M,H,U,1,20,5/30/2012 0:00,,,2/8/2014 10:01
781,"Mountain-200 Silver, 46",BK-M68S-46,TRUE,TRUE,Silver,100,75,1265.6195,2319.99,46,CM,LB,24.13,4,M,H,U,1,20,5/30/2012 0:00,,,2/8/2014 10:01
782,"Mountain-200 Black, 38",BK-M68B-38,TRUE,TRUE,Black,100,75,1251.9813,2294.99,38,CM,LB,23.35,4,M,H,U,1,20,5/30/2012 0:00,,,2/8/2014 10:01
783,"Mountain-200 Black, 42",BK-M68B-42,TRUE,TRUE,Black,100,75,1251.9813,2294.99,42,CM,LB,23.77,4,M,H,U,1,20,5/30/2012 0:00,,,2/8/2014 10:01
784,"Mountain-200 Black, 46",BK-M68B-46,TRUE,TRUE,Black,100,75,1251.9813,2294.99,46,CM,LB,24.13,4,M,H,U,1,20,5/30/2012 0:00,,,2/8/2014 10:01
785,"Mountain-300 Black, 38",BK-M47B-38,TRUE,TRUE,Black,100,75,598.4354,1079.99,38,CM,LB,25.35,4,M,M,U,1,21,5/30/2012 0:00,5/29/2013 0:00,,2/8/2014 10:01
786,"Mountain-300 Black, 40",BK-M47B-40,TRUE,TRUE,Black,100,75,598.4354,1079.99,40,CM,LB,25.77,4,M,M,U,1,21,5/30/2012 0:00,5/29/2013 0:00,,2/8/2014 10:01
787,"Mountain-300 Black, 44",BK-M47B-44,TRUE,TRUE,Black,100,75,598.4354,1079.99,44,CM,LB,26.13,4,M,M,U,1,21,5/30/2012 0:00,5/29/2013 0:00,,2/8/2014 10:01
788,"Mountain-300 Black, 48",BK-M47B-48,TRUE,TRUE,Black,100,75,598.4354,1079.99,48,CM,LB,26.42,4,M,M,U,1,21,5/30/2012 0:00,5/29/2013 0:00,,2/8/2014 10:01
789,"Road-250 Red, 44",BK-R89R-44,TRUE,TRUE,Red,100,75,1518.7864,2443.35,44,CM,LB,14.77,4,R,H,U,2,26,5/30/2012 0:00,5/29/2013 0:00,,2/8/2014 10:01
790,"Road-250 Red, 48",BK-R89R-48,TRUE,TRUE,Red,100,75,1518.7864,2443.35,48,CM,LB,15.13,4,R,H,U,2,26,5/30/2012 0:00,5/29/2013 0:00,,2/8/2014 10:01
791,"Road-250 Red, 52",BK-R89R-52,TRUE,TRUE,Red,100,75,1518.7864,2443.35,52,CM,LB,15.42,4,R,H,U,2,26,5/30/2012 0:00,5/29/2013 0:00,,2/8/2014 10:01
792,"Road-250 Red, 58",BK-R89R-58,TRUE,TRUE,Red,100,75,1554.9479,2443.35,58,CM,LB,15.79,4,R,H,U,2,26,5/30/2012 0:00,,,2/8/2014 10:01
793,"Road-250 Black, 44",BK-R89B-44,TRUE,TRUE,Black,100,75,1554.9479,2443.35,44,CM,LB,14.77,4,R,H,U,2,26,5/30/2012 0:00,,,2/8/2014 10:01
794,"Road-250 Black, 48",BK-R89B-48,TRUE,TRUE,Black,100,75,1554.9479,2443.35,48,CM,LB,15.13,4,R,H,U,2,26,5/30/2012 0:00,,,2/8/2014 10:01
795,"Road-250 Black, 52",BK-R89B-52,TRUE,TRUE,Black,100,75,1554.9479,2443.35,52,CM,LB,15.42,4,R,H,U,2,26,5/30/2012 0:00,,,2/8/2014 10:01
796,"Road-250 Black, 58",BK-R89B-58,TRUE,TRUE,Black,100,75,1554.9479,2443.35,58,CM,LB,15.68,4,R,H,U,2,26,5/30/2012 0:00,,,2/8/2014 10:01
797,"Road-550-W Yellow, 38",BK-R64Y-38,TRUE,TRUE,Yellow,100,75,713.0798,1120.49,38,CM,LB,17.35,4,R,M,W,2,29,5/30/2012 0:00,,,2/8/2014 10:01
798,"Road-550-W Yellow, 40",BK-R64Y-40,TRUE,TRUE,Yellow,100,75,713.0798,1120.49,40,CM,LB,17.77,4,R,M,W,2,29,5/30/2012 0:00,,,2/8/2014 10:01
799,"Road-550-W Yellow, 42",BK-R64Y-42,TRUE,TRUE,Yellow,100,75,713.0798,1120.49,42,CM,LB,18.13,4,R,M,W,2,29,5/30/2012 0:00,,,2/8/2014 10:01
800,"Road-550-W Yellow, 44",BK-R64Y-44,TRUE,TRUE,Yellow,100,75,713.0798,1120.49,44,CM,LB,18.42,4,R,M,W,2,29,5/30/2012 0:00,,,2/8/2014 10:01
801,"Road-550-W Yellow, 48",BK-R64Y-48,TRUE,TRUE,Yellow,100,75,713.0798,1120.49,48,CM,LB,18.68,4,R,M,W,2,29,5/30/2012 0:00,,,2/8/2014 10:01
802,LL Fork,FK-1639,TRUE,TRUE,,500,375,65.8097,148.22,,,,,1,,L,,10,104,5/30/2012 0:00,5/29/2013 0:00,,2/8/2014 10:01
803,ML Fork,FK-5136,TRUE,TRUE,,500,375,77.9176,175.49,,,,,1,,M,,10,105,5/30/2012 0:00,5/29/2013 0:00,,2/8/2014 10:01
804,HL Fork,FK-9939,TRUE,TRUE,,500,375,101.8936,229.49,,,,,1,,H,,10,106,5/30/2012 0:00,5/29/2013 0:00,,2/8/2014 10:01
805,LL Headset,HS-0296,TRUE,TRUE,,500,375,15.1848,34.2,,,,,1,,L,,11,59,5/30/2012 0:00,5/29/2013 0:00,,2/8/2014 10:01
806,ML Headset,HS-2451,TRUE,TRUE,,500,375,45.4168,102.29,,,,,1,,M,,11,60,5/30/2012 0:00,5/29/2013 0:00,,2/8/2014 10:01
807,HL Headset,HS-3479,TRUE,TRUE,,500,375,55.3801,124.73,,,,,1,,H,,11,61,5/30/2012 0:00,5/29/2013 0:00,,2/8/2014 10:01
808,LL Mountain Handlebars,HB-M243,TRUE,TRUE,,500,375,19.7758,44.54,,,,,1,M,L,,4,52,5/30/2012 0:00,,,2/8/2014 10:01
809,ML Mountain Handlebars,HB-M763,TRUE,TRUE,,500,375,27.4925,61.92,,,,,1,M,M,,4,54,5/30/2012 0:00,,,2/8/2014 10:01
810,HL Mountain Handlebars,HB-M918,TRUE,TRUE,,500,375,53.3999,120.27,,,,,1,M,H,,4,55,5/30/2012 0:00,,,2/8/2014 10:01
811,LL Road Handlebars,HB-R504,TRUE,TRUE,,500,375,19.7758,44.54,,,,,1,R,L,,4,56,5/30/2012 0:00,,,2/8/2014 10:01
812,ML Road Handlebars,HB-R720,TRUE,TRUE,,500,375,27.4925,61.92,,,,,1,R,M,,4,57,5/30/2012 0:00,,,2/8/2014 10:01
813,HL Road Handlebars,HB-R956,TRUE,TRUE,,500,375,53.3999,120.27,,,,,1,R,H,,4,58,5/30/2012 0:00,,,2/8/2014 10:01
814,"ML Mountain Frame - Black, 38",FR-M63B-38,TRUE,TRUE,Black,500,375,185.8193,348.76,38,CM,LB,2.73,2,M,M,U,12,15,5/30/2012 0:00,5/29/2013 0:00,,2/8/2014 10:01
815,LL Mountain Front Wheel,FW-M423,TRUE,TRUE,Black,500,375,26.9708,60.745,,,,,1,M,L,,17,42,5/30/2012 0:00,5/29/2013 0:00,,2/8/2014 10:01
816,ML Mountain Front Wheel,FW-M762,TRUE,TRUE,Black,500,375,92.8071,209.025,,,,,1,M,M,,17,45,5/30/2012 0:00,5/29/2013 0:00,,2/8/2014 10:01
817,HL Mountain Front Wheel,FW-M928,TRUE,TRUE,Black,500,375,133.2955,300.215,,,,,1,M,H,,17,46,5/30/2012 0:00,5/29/2013 0:00,,2/8/2014 10:01
818,LL Road Front Wheel,FW-R623,TRUE,TRUE,Black,500,375,37.9909,85.565,,,G,900,1,R,L,,17,49,5/30/2012 0:00,5/29/2013 0:00,,2/8/2014 10:01
819,ML Road Front Wheel,FW-R762,TRUE,TRUE,Black,500,375,110.2829,248.385,,,G,850,1,R,M,,17,50,5/30/2012 0:00,5/29/2013 0:00,,2/8/2014 10:01
820,HL Road Front Wheel,FW-R820,TRUE,TRUE,Black,500,375,146.5466,330.06,,,G,650,1,R,H,,17,51,5/30/2012 0:00,5/29/2013 0:00,,2/8/2014 10:01
821,Touring Front Wheel,FW-T905,TRUE,TRUE,Black,500,375,96.7964,218.01,,,,,1,T,,,17,44,5/30/2012 0:00,5/29/2013 0:00,,2/8/2014 10:01
822,"ML Road Frame-W - Yellow, 38",FR-R72Y-38,TRUE,TRUE,Yellow,500,375,360.9428,594.83,38,CM,LB,2.18,2,R,M,W,14,17,5/30/2012 0:00,,,2/8/2014 10:01
823,LL Mountain Rear Wheel,RW-M423,TRUE,TRUE,Black,500,375,38.9588,87.745,,,,,1,M,L,,17,123,5/30/2012 0:00,5/29/2013 0:00,,2/8/2014 10:01
824,ML Mountain Rear Wheel,RW-M762,TRUE,TRUE,Black,500,375,104.7951,236.025,,,,,1,M,M,,17,124,5/30/2012 0:00,5/29/2013 0:00,,2/8/2014 10:01
825,HL Mountain Rear Wheel,RW-M928,TRUE,TRUE,Black,500,375,145.2835,327.215,,,,,1,M,H,,17,125,5/30/2012 0:00,5/29/2013 0:00,,2/8/2014 10:01
826,LL Road Rear Wheel,RW-R623,TRUE,TRUE,Black,500,375,49.9789,112.565,,,G,1050,1,R,L,,17,126,5/30/2012 0:00,5/29/2013 0:00,,2/8/2014 10:01
827,ML Road Rear Wheel,RW-R762,TRUE,TRUE,Black,500,375,122.2709,275.385,,,G,1000,1,R,M,,17,77,5/30/2012 0:00,5/29/2013 0:00,,2/8/2014 10:01
828,HL Road Rear Wheel,RW-R820,TRUE,TRUE,Black,500,375,158.5346,357.06,,,G,890,1,R,H,,17,78,5/30/2012 0:00,5/29/2013 0:00,,2/8/2014 10:01
829,Touring Rear Wheel,RW-T905,TRUE,TRUE,Black,500,375,108.7844,245.01,,,,,1,T,,,17,43,5/30/2012 0:00,5/29/2013 0:00,,2/8/2014 10:01
830,"ML Mountain Frame - Black, 40",FR-M63B-40,TRUE,TRUE,Black,500,375,185.8193,348.76,40,CM,LB,2.77,1,M,M,U,12,14,5/30/2012 0:00,5/29/2013 0:00,,2/8/2014 10:01
831,"ML Mountain Frame - Black, 44",FR-M63B-44,TRUE,TRUE,Black,500,375,185.8193,348.76,44,CM,LB,2.81,1,M,M,U,12,14,5/30/2012 0:00,5/29/2013 0:00,,2/8/2014 10:01
832,"ML Mountain Frame - Black, 48",FR-M63B-48,TRUE,TRUE,Black,500,375,185.8193,348.76,48,CM,LB,2.85,1,M,M,U,12,14,5/30/2012 0:00,5/29/2013 0:00,,2/8/2014 10:01
833,"ML Road Frame-W - Yellow, 40",FR-R72Y-40,TRUE,TRUE,Yellow,500,375,360.9428,594.83,40,CM,LB,2.22,1,R,M,W,14,17,5/30/2012 0:00,,,2/8/2014 10:01
834,"ML Road Frame-W - Yellow, 42",FR-R72Y-42,TRUE,TRUE,Yellow,500,375,360.9428,594.83,42,CM,LB,2.26,1,R,M,W,14,17,5/30/2012 0:00,,,2/8/2014 10:01
835,"ML Road Frame-W - Yellow, 44",FR-R72Y-44,TRUE,TRUE,Yellow,500,375,360.9428,594.83,44,CM,LB,2.3,1,R,M,W,14,17,5/30/2012 0:00,,,2/8/2014 10:01
836,"ML Road Frame-W - Yellow, 48",FR-R72Y-48,TRUE,TRUE,Yellow,500,375,360.9428,594.83,48,CM,LB,2.34,1,R,M,W,14,17,5/30/2012 0:00,,,2/8/2014 10:01
837,"HL Road Frame - Black, 62",FR-R92B-62,TRUE,TRUE,Black,500,375,868.6342,1431.5,62,CM,LB,2.3,1,R,H,U,14,6,5/30/2012 0:00,,,2/8/2014 10:01
838,"HL Road Frame - Black, 44",FR-R92B-44,TRUE,TRUE,Black,500,375,868.6342,1431.5,44,CM,LB,2.12,1,R,H,U,14,6,5/30/2012 0:00,,,2/8/2014 10:01
839,"HL Road Frame - Black, 48",FR-R92B-48,TRUE,TRUE,Black,500,375,868.6342,1431.5,48,CM,LB,2.16,1,R,H,U,14,6,5/30/2012 0:00,,,2/8/2014 10:01
840,"HL Road Frame - Black, 52",FR-R92B-52,TRUE,TRUE,Black,500,375,868.6342,1431.5,52,CM,LB,2.2,1,R,H,U,14,6,5/30/2012 0:00,,,2/8/2014 10:01
841,"Men's Sports Shorts, S",SH-M897-S,FALSE,TRUE,Black,4,3,24.7459,59.99,S,,,,0,S,,M,22,13,5/30/2012 0:00,5/29/2013 0:00,,2/8/2014 10:01
842,"Touring-Panniers, Large",PA-T100,FALSE,TRUE,Grey,4,3,51.5625,125,,,,,0,T,,,35,120,5/30/2012 0:00,5/29/2013 0:00,,2/8/2014 10:01
843,Cable Lock,LO-C100,FALSE,TRUE,,4,3,10.3125,25,,,,,0,S,,,34,115,5/30/2012 0:00,5/29/2013 0:00,,2/8/2014 10:01
844,Minipump,PU-0452,FALSE,TRUE,,4,3,8.2459,19.99,,,,,0,S,,,36,116,5/30/2012 0:00,5/29/2013 0:00,,2/8/2014 10:01
845,Mountain Pump,PU-M044,FALSE,TRUE,,4,3,10.3084,24.99,,,,,0,M,,,36,117,5/30/2012 0:00,5/29/2013 0:00,,2/8/2014 10:01
846,Taillights - Battery-Powered,LT-T990,FALSE,TRUE,,4,3,5.7709,13.99,,,,,0,R,,,33,108,5/30/2012 0:00,5/29/2013 0:00,,2/8/2014 10:01
847,Headlights - Dual-Beam,LT-H902,FALSE,TRUE,,4,3,14.4334,34.99,,,,,0,R,,,33,109,5/30/2012 0:00,5/29/2013 0:00,,2/8/2014 10:01
848,Headlights - Weatherproof,LT-H903,FALSE,TRUE,,4,3,18.5584,44.99,,,,,0,R,,,33,110,5/30/2012 0:00,5/29/2013 0:00,,2/8/2014 10:01
849,"Men's Sports Shorts, M",SH-M897-M,FALSE,TRUE,Black,4,3,24.7459,59.99,M,,,,0,S,,M,22,13,5/30/2012 0:00,5/29/2013 0:00,,2/8/2014 10:01
850,"Men's Sports Shorts, L",SH-M897-L,FALSE,TRUE,Black,4,3,24.7459,59.99,L,,,,0,S,,M,22,13,5/30/2012 0:00,5/29/2013 0:00,,2/8/2014 10:01
851,"Men's Sports Shorts, XL",SH-M897-X,FALSE,TRUE,Black,4,3,24.7459,59.99,XL,,,,0,S,,M,22,13,5/30/2012 0:00,5/29/2013 0:00,,2/8/2014 10:01
852,"Women's Tights, S",TG-W091-S,FALSE,TRUE,Black,4,3,30.9334,74.99,S,,,,0,S,,W,24,38,5/30/2012 0:00,5/29/2013 0:00,,2/8/2014 10:01
853,"Women's Tights, M",TG-W091-M,FALSE,TRUE,Black,4,3,30.9334,74.99,M,,,,0,S,,W,24,38,5/30/2012 0:00,5/29/2013 0:00,,2/8/2014 10:01
854,"Women's Tights, L",TG-W091-L,FALSE,TRUE,Black,4,3,30.9334,74.99,L,,,,0,S,,W,24,38,5/30/2012 0:00,5/29/2013 0:00,,2/8/2014 10:01
855,"Men's Bib-Shorts, S",SB-M891-S,FALSE,TRUE,Multi,4,3,37.1209,89.99,S,,,,0,S,,M,18,12,5/30/2012 0:00,5/29/2013 0:00,,2/8/2014 10:01
856,"Men's Bib-Shorts, M",SB-M891-M,FALSE,TRUE,Multi,4,3,37.1209,89.99,M,,,,0,S,,M,18,12,5/30/2012 0:00,5/29/2013 0:00,,2/8/2014 10:01
857,"Men's Bib-Shorts, L",SB-M891-L,FALSE,TRUE,Multi,4,3,37.1209,89.99,L,,,,0,S,,M,18,12,5/30/2012 0:00,5/29/2013 0:00,,2/8/2014 10:01
858,"Half-Finger Gloves, S",GL-H102-S,FALSE,TRUE,Black,4,3,9.1593,24.49,S,,,,0,S,,U,20,4,5/30/2012 0:00,,,2/8/2014 10:01
859,"Half-Finger Gloves, M",GL-H102-M,FALSE,TRUE,Black,4,3,9.1593,24.49,M,,,,0,S,,U,20,4,5/30/2012 0:00,,,2/8/2014 10:01
860,"Half-Finger Gloves, L",GL-H102-L,FALSE,TRUE,Black,4,3,9.1593,24.49,L,,,,0,S,,U,20,4,5/30/2012 0:00,,,2/8/2014 10:01
861,"Full-Finger Gloves, S",GL-F110-S,FALSE,TRUE,Black,4,3,15.6709,37.99,S,,,,0,M,,U,20,3,5/30/2012 0:00,5/29/2013 0:00,,2/8/2014 10:01
862,"Full-Finger Gloves, M",GL-F110-M,FALSE,TRUE,Black,4,3,15.6709,37.99,M,,,,0,M,,U,20,3,5/30/2012 0:00,5/29/2013 0:00,,2/8/2014 10:01
863,"Full-Finger Gloves, L",GL-F110-L,FALSE,TRUE,Black,4,3,15.6709,37.99,L,,,,0,M,,U,20,3,5/30/2012 0:00,5/29/2013 0:00,,2/8/2014 10:01
864,"Classic Vest, S",VE-C304-S,FALSE,TRUE,Blue,4,3,23.749,63.5,S,,,,0,S,,U,25,1,5/30/2013 0:00,,,2/8/2014 10:01
865,"Classic Vest, M",VE-C304-M,FALSE,TRUE,Blue,4,3,23.749,63.5,M,,,,0,S,,U,25,1,5/30/2013 0:00,,,2/8/2014 10:01
866,"Classic Vest, L",VE-C304-L,FALSE,TRUE,Blue,4,3,23.749,63.5,L,,,,0,S,,U,25,1,5/30/2013 0:00,,,2/8/2014 10:01
867,"Women's Mountain Shorts, S",SH-W890-S,FALSE,TRUE,Black,4,3,26.1763,69.99,S,,,,0,M,,W,22,37,5/30/2013 0:00,,,2/8/2014 10:01
868,"Women's Mountain Shorts, M",SH-W890-M,FALSE,TRUE,Black,4,3,26.1763,69.99,M,,,,0,M,,W,22,37,5/30/2013 0:00,,,2/8/2014 10:01
869,"Women's Mountain Shorts, L",SH-W890-L,FALSE,TRUE,Black,4,3,26.1763,69.99,L,,,,0,M,,W,22,37,5/30/2013 0:00,,,2/8/2014 10:01
870,Water Bottle - 30 oz.,WB-H098,FALSE,TRUE,,4,3,1.8663,4.99,,,,,0,S,,,28,111,5/30/2013 0:00,,,2/8/2014 10:01
871,Mountain Bottle Cage,BC-M005,FALSE,TRUE,,4,3,3.7363,9.99,,,,,0,M,,,28,112,5/30/2013 0:00,,,2/8/2014 10:01
872,Road Bottle Cage,BC-R205,FALSE,TRUE,,4,3,3.3623,8.99,,,,,0,R,,,28,113,5/30/2013 0:00,,,2/8/2014 10:01
873,Patch Kit/8 Patches,PK-7098,FALSE,TRUE,,4,3,0.8565,2.29,,,,,0,S,,,37,114,5/30/2013 0:00,,,2/8/2014 10:01
874,"Racing Socks, M",SO-R809-M,FALSE,TRUE,White,4,3,3.3623,8.99,M,,,,0,R,,U,23,24,5/30/2013 0:00,,,2/8/2014 10:01
875,"Racing Socks, L",SO-R809-L,FALSE,TRUE,White,4,3,3.3623,8.99,L,,,,0,R,,U,23,24,5/30/2013 0:00,,,2/8/2014 10:01
876,Hitch Rack - 4-Bike,RA-H123,FALSE,TRUE,,4,3,44.88,120,,,,,0,S,,,26,118,5/30/2013 0:00,,,2/8/2014 10:01
877,Bike Wash - Dissolver,CL-9009,FALSE,TRUE,,4,3,2.9733,7.95,,,,,0,S,,,29,119,5/30/2013 0:00,,,2/8/2014 10:01
878,Fender Set - Mountain,FE-6654,FALSE,TRUE,,4,3,8.2205,21.98,,,,,0,M,,,30,121,5/30/2013 0:00,,,2/8/2014 10:01
879,All-Purpose Bike Stand,ST-1401,FALSE,TRUE,,4,3,59.466,159,,,,,0,M,,,27,122,5/30/2013 0:00,,,2/8/2014 10:01
880,Hydration Pack - 70 oz.,HY-1023-70,FALSE,TRUE,Silver,4,3,20.5663,54.99,70,,,,0,S,,,32,107,5/30/2013 0:00,,,2/8/2014 10:01
881,"Short-Sleeve Classic Jersey, S",SJ-0194-S,FALSE,TRUE,Yellow,4,3,41.5723,53.99,S,,,,0,S,,U,21,32,5/30/2013 0:00,,,2/8/2014 10:01
882,"Short-Sleeve Classic Jersey, M",SJ-0194-M,FALSE,TRUE,Yellow,4,3,41.5723,53.99,M,,,,0,S,,U,21,32,5/30/2013 0:00,,,2/8/2014 10:01
883,"Short-Sleeve Classic Jersey, L",SJ-0194-L,FALSE,TRUE,Yellow,4,3,41.5723,53.99,L,,,,0,S,,U,21,32,5/30/2013 0:00,,,2/8/2014 10:01
884,"Short-Sleeve Classic Jersey, XL",SJ-0194-X,FALSE,TRUE,Yellow,4,3,41.5723,53.99,XL,,,,0,S,,U,21,32,5/30/2013 0:00,,,2/8/2014 10:01
885,"HL Touring Frame - Yellow, 60",FR-T98Y-60,TRUE,TRUE,Yellow,500,375,601.7437,1003.91,60,CM,LB,3.08,1,T,H,U,16,7,5/30/2013 0:00,,,2/8/2014 10:01
886,"LL Touring Frame - Yellow, 62",FR-T67Y-62,TRUE,TRUE,Yellow,500,375,199.8519,333.42,62,CM,LB,3.2,1,T,L,U,16,10,5/30/2013 0:00,,,2/8/2014 10:01
887,"HL Touring Frame - Yellow, 46",FR-T98Y-46,TRUE,TRUE,Yellow,500,375,601.7437,1003.91,46,CM,LB,2.96,1,T,H,U,16,7,5/30/2013 0:00,,,2/8/2014 10:01
888,"HL Touring Frame - Yellow, 50",FR-T98Y-50,TRUE,TRUE,Yellow,500,375,601.7437,1003.91,50,CM,LB,3,1,T,H,U,16,7,5/30/2013 0:00,,,2/8/2014 10:01
889,"HL Touring Frame - Yellow, 54",FR-T98Y-54,TRUE,TRUE,Yellow,500,375,601.7437,1003.91,54,CM,LB,3.04,1,T,H,U,16,7,5/30/2013 0:00,,,2/8/2014 10:01
890,"HL Touring Frame - Blue, 46",FR-T98U-46,TRUE,TRUE,Blue,500,375,601.7437,1003.91,46,CM,LB,2.96,1,T,H,U,16,7,5/30/2013 0:00,,,2/8/2014 10:01
891,"HL Touring Frame - Blue, 50",FR-T98U-50,TRUE,TRUE,Blue,500,375,601.7437,1003.91,50,CM,LB,3,1,T,H,U,16,7,5/30/2013 0:00,,,2/8/2014 10:01
892,"HL Touring Frame - Blue, 54",FR-T98U-54,TRUE,TRUE,Blue,500,375,601.7437,1003.91,54,CM,LB,3.04,1,T,H,U,16,7,5/30/2013 0:00,,,2/8/2014 10:01
893,"HL Touring Frame - Blue, 60",FR-T98U-60,TRUE,TRUE,Blue,500,375,601.7437,1003.91,60,CM,LB,3.08,1,T,H,U,16,7,5/30/2013 0:00,,,2/8/2014 10:01
894,Rear Derailleur,RD-2308,TRUE,TRUE,Silver,500,375,53.9282,121.46,,,G,215,1,,,,9,127,5/30/2013 0:00,,,2/8/2014 10:01
895,"LL Touring Frame - Blue, 50",FR-T67U-50,TRUE,TRUE,Blue,500,375,199.8519,333.42,50,CM,LB,3.1,1,T,L,U,16,10,5/30/2013 0:00,,,2/8/2014 10:01
896,"LL Touring Frame - Blue, 54",FR-T67U-54,TRUE,TRUE,Blue,500,375,199.8519,333.42,54,CM,LB,3.14,1,T,L,U,16,10,5/30/2013 0:00,,,2/8/2014 10:01
897,"LL Touring Frame - Blue, 58",FR-T67U-58,TRUE,TRUE,Blue,500,375,199.8519,333.42,58,CM,LB,3.16,1,T,L,U,16,10,5/30/2013 0:00,,,2/8/2014 10:01
898,"LL Touring Frame - Blue, 62",FR-T67U-62,TRUE,TRUE,Blue,500,375,199.8519,333.42,62,CM,LB,3.2,1,T,L,U,16,10,5/30/2013 0:00,,,2/8/2014 10:01
899,"LL Touring Frame - Yellow, 44",FR-T67Y-44,TRUE,TRUE,Yellow,500,375,199.8519,333.42,44,CM,LB,3.02,1,T,L,U,16,10,5/30/2013 0:00,,,2/8/2014 10:01
900,"LL Touring Frame - Yellow, 50",FR-T67Y-50,TRUE,TRUE,Yellow,500,375,199.8519,333.42,50,CM,LB,3.1,1,T,L,U,16,10,5/30/2013 0:00,,,2/8/2014 10:01
901,"LL Touring Frame - Yellow, 54",FR-T67Y-54,TRUE,TRUE,Yellow,500,375,199.8519,333.42,54,CM,LB,3.14,1,T,L,U,16,10,5/30/2013 0:00,,,2/8/2014 10:01
902,"LL Touring Frame - Yellow, 58",FR-T67Y-58,TRUE,TRUE,Yellow,500,375,199.8519,333.42,58,CM,LB,3.16,1,T,L,U,16,10,5/30/2013 0:00,,,2/8/2014 10:01
903,"LL Touring Frame - Blue, 44",FR-T67U-44,TRUE,TRUE,Blue,500,375,199.8519,333.42,44,CM,LB,3.02,1,T,L,U,16,10,5/30/2013 0:00,,,2/8/2014 10:01
904,"ML Mountain Frame-W - Silver, 40",FR-M63S-40,TRUE,TRUE,Silver,500,375,199.3757,364.09,40,CM,LB,2.77,1,M,M,W,12,15,5/30/2013 0:00,,,2/8/2014 10:01
905,"ML Mountain Frame-W - Silver, 42",FR-M63S-42,TRUE,TRUE,Silver,500,375,199.3757,364.09,42,CM,LB,2.81,1,M,M,W,12,15,5/30/2013 0:00,,,2/8/2014 10:01
906,"ML Mountain Frame-W - Silver, 46",FR-M63S-46,TRUE,TRUE,Silver,500,375,199.3757,364.09,46,CM,LB,2.85,1,M,M,W,12,15,5/30/2013 0:00,,,2/8/2014 10:01
907,Rear Brakes,RB-9231,FALSE,TRUE,Silver,500,375,47.286,106.5,,,G,317,1,,,,6,128,5/30/2013 0:00,,,2/8/2014 10:01
908,LL Mountain Seat/Saddle,SE-M236,FALSE,TRUE,,500,375,12.0413,27.12,,,,,1,M,L,,15,79,5/30/2013 0:00,,,2/8/2014 10:01
909,ML Mountain Seat/Saddle,SE-M798,FALSE,TRUE,,500,375,17.3782,39.14,,,,,1,M,M,,15,80,5/30/2013 0:00,,,2/8/2014 10:01
910,HL Mountain Seat/Saddle,SE-M940,FALSE,TRUE,,500,375,23.3722,52.64,,,,,1,M,H,,15,81,5/30/2013 0:00,,,2/8/2014 10:01
911,LL Road Seat/Saddle,SE-R581,FALSE,TRUE,,500,375,12.0413,27.12,,,,,1,R,L,,15,82,5/30/2013 0:00,,,2/8/2014 10:01
912,ML Road Seat/Saddle,SE-R908,FALSE,TRUE,,500,375,17.3782,39.14,,,,,1,T,M,,15,83,5/30/2013 0:00,,,2/8/2014 10:01
913,HL Road Seat/Saddle,SE-R995,FALSE,TRUE,,500,375,23.3722,52.64,,,,,1,R,H,,15,84,5/30/2013 0:00,,,2/8/2014 10:01
914,LL Touring Seat/Saddle,SE-T312,FALSE,TRUE,,500,375,12.0413,27.12,,,,,1,T,L,,15,66,5/30/2013 0:00,,,2/8/2014 10:01
915,ML Touring Seat/Saddle,SE-T762,FALSE,TRUE,,500,375,17.3782,39.14,,,,,1,T,M,,15,65,5/30/2013 0:00,,,2/8/2014 10:01
916,HL Touring Seat/Saddle,SE-T924,FALSE,TRUE,,500,375,23.3722,52.64,,,,,1,T,H,,15,67,5/30/2013 0:00,,,2/8/2014 10:01
917,"LL Mountain Frame - Silver, 42",FR-M21S-42,TRUE,TRUE,Silver,500,375,144.5938,264.05,42,CM,LB,2.92,1,M,L,U,12,8,5/30/2013 0:00,,,2/8/2014 10:01
918,"LL Mountain Frame - Silver, 44",FR-M21S-44,TRUE,TRUE,Silver,500,375,144.5938,264.05,44,CM,LB,2.96,1,M,L,U,12,8,5/30/2013 0:00,,,2/8/2014 10:01
919,"LL Mountain Frame - Silver, 48",FR-M21S-48,TRUE,TRUE,Silver,500,375,144.5938,264.05,48,CM,LB,3,1,M,L,U,12,8,5/30/2013 0:00,,,2/8/2014 10:01
920,"LL Mountain Frame - Silver, 52",FR-M21S-52,TRUE,TRUE,Silver,500,375,144.5938,264.05,52,CM,LB,3.04,1,M,L,U,12,8,5/30/2013 0:00,,,2/8/2014 10:01
921,Mountain Tire Tube,TT-M928,FALSE,TRUE,,500,375,1.8663,4.99,,,,,0,M,,,37,92,5/30/2013 0:00,,,2/8/2014 10:01
922,Road Tire Tube,TT-R982,FALSE,TRUE,,500,375,1.4923,3.99,,,,,0,R,,,37,93,5/30/2013 0:00,,,2/8/2014 10:01
923,Touring Tire Tube,TT-T092,FALSE,TRUE,,500,375,1.8663,4.99,,,,,0,T,,,37,94,5/30/2013 0:00,,,2/8/2014 10:01
924,"LL Mountain Frame - Black, 42",FR-M21B-42,TRUE,TRUE,Black,500,375,136.785,249.79,42,CM,LB,2.92,1,M,L,U,12,8,5/30/2013 0:00,,,2/8/2014 10:01
925,"LL Mountain Frame - Black, 44",FR-M21B-44,TRUE,TRUE,Black,500,375,136.785,249.79,44,CM,LB,2.96,1,M,L,U,12,8,5/30/2013 0:00,,,2/8/2014 10:01
926,"LL Mountain Frame - Black, 48",FR-M21B-48,TRUE,TRUE,Black,500,375,136.785,249.79,48,CM,LB,3,1,M,L,U,12,8,5/30/2013 0:00,,,2/8/2014 10:01
927,"LL Mountain Frame - Black, 52",FR-M21B-52,TRUE,TRUE,Black,500,375,136.785,249.79,52,CM,LB,3.04,1,M,L,U,12,8,5/30/2013 0:00,,,2/8/2014 10:01
928,LL Mountain Tire,TI-M267,FALSE,TRUE,,500,375,9.3463,24.99,,,,,0,M,L,,37,85,5/30/2013 0:00,,,2/8/2014 10:01
929,ML Mountain Tire,TI-M602,FALSE,TRUE,,500,375,11.2163,29.99,,,,,0,M,M,,37,86,5/30/2013 0:00,,,2/8/2014 10:01
930,HL Mountain Tire,TI-M823,FALSE,TRUE,,500,375,13.09,35,,,,,0,M,H,,37,87,5/30/2013 0:00,,,2/8/2014 10:01
931,LL Road Tire,TI-R092,FALSE,TRUE,,500,375,8.0373,21.49,,,,,0,R,L,,37,88,5/30/2013 0:00,,,2/8/2014 10:01
932,ML Road Tire,TI-R628,FALSE,TRUE,,500,375,9.3463,24.99,,,,,0,R,M,,37,89,5/30/2013 0:00,,,2/8/2014 10:01
933,HL Road Tire,TI-R982,FALSE,TRUE,,500,375,12.1924,32.6,,,,,0,R,H,,37,90,5/30/2013 0:00,,,2/8/2014 10:01
934,Touring Tire,TI-T723,FALSE,TRUE,,500,375,10.8423,28.99,,,,,0,T,,,37,91,5/30/2013 0:00,,,2/8/2014 10:01
935,LL Mountain Pedal,PD-M282,FALSE,TRUE,Silver/Black,500,375,17.9776,40.49,,,G,218,1,M,L,,13,62,5/30/2013 0:00,,,2/8/2014 10:01
936,ML Mountain Pedal,PD-M340,FALSE,TRUE,Silver/Black,500,375,27.568,62.09,,,G,215,1,M,M,,13,63,5/30/2013 0:00,,,2/8/2014 10:01
937,HL Mountain Pedal,PD-M562,FALSE,TRUE,Silver/Black,500,375,35.9596,80.99,,,G,185,1,M,H,,13,64,5/30/2013 0:00,,,2/8/2014 10:01
938,LL Road Pedal,PD-R347,FALSE,TRUE,Silver/Black,500,375,17.9776,40.49,,,G,189,1,R,L,,13,68,5/30/2013 0:00,,,2/8/2014 10:01
939,ML Road Pedal,PD-R563,FALSE,TRUE,Silver/Black,500,375,27.568,62.09,,,G,168,1,R,M,,13,69,5/30/2013 0:00,,,2/8/2014 10:01
940,HL Road Pedal,PD-R853,FALSE,TRUE,Silver/Black,500,375,35.9596,80.99,,,G,149,1,R,H,,13,70,5/30/2013 0:00,,,2/8/2014 10:03
941,Touring Pedal,PD-T852,FALSE,TRUE,Silver/Black,500,375,35.9596,80.99,,,,,1,T,,,13,53,5/30/2013 0:00,,,2/8/2014 10:01
942,"ML Mountain Frame-W - Silver, 38",FR-M63S-38,TRUE,TRUE,Silver,500,375,199.3757,364.09,38,CM,LB,2.73,2,M,M,W,12,15,5/30/2013 0:00,,,2/8/2014 10:01
943,"LL Mountain Frame - Black, 40",FR-M21B-40,TRUE,TRUE,Black,500,375,136.785,249.79,40,CM,LB,2.88,2,M,L,U,12,8,5/30/2013 0:00,,,2/8/2014 10:01
944,"LL Mountain Frame - Silver, 40",FR-M21S-40,TRUE,TRUE,Silver,500,375,144.5938,264.05,40,CM,LB,2.88,2,M,L,U,12,8,5/30/2013 0:00,,,2/8/2014 10:01
945,Front Derailleur,FD-2342,TRUE,TRUE,Silver,500,375,40.6216,91.49,,,G,88,1,,,,9,103,5/30/2013 0:00,,,2/8/2014 10:01
946,LL Touring Handlebars,HB-T721,TRUE,TRUE,,500,375,20.464,46.09,,,,,1,T,L,,4,47,5/30/2013 0:00,,,2/8/2014 10:01
947,HL Touring Handlebars,HB-T928,TRUE,TRUE,,500,375,40.6571,91.57,,,,,1,T,H,,4,48,5/30/2013 0:00,,,2/8/2014 10:01
948,Front Brakes,FB-9873,FALSE,TRUE,Silver,500,375,47.286,106.5,,,G,317,1,,,,6,102,5/30/2013 0:00,,,2/8/2014 10:01
949,LL Crankset,CS-4759,TRUE,TRUE,Black,500,375,77.9176,175.49,,,G,600,1,,L,,8,99,5/30/2013 0:00,,,2/8/2014 10:01
950,ML Crankset,CS-6583,TRUE,TRUE,Black,500,375,113.8816,256.49,,,G,635,1,,M,,8,100,5/30/2013 0:00,,,2/8/2014 10:01
951,HL Crankset,CS-9183,TRUE,TRUE,Black,500,375,179.8156,404.99,,,G,575,1,,H,,8,101,5/30/2013 0:00,,,2/8/2014 10:01
952,Chain,CH-0234,FALSE,TRUE,Silver,500,375,8.9866,20.24,,,,,1,,,,7,98,5/30/2013 0:00,,,2/8/2014 10:01
953,"Touring-2000 Blue, 60",BK-T44U-60,TRUE,TRUE,Blue,100,75,755.1508,1214.85,60,CM,LB,27.9,4,T,M,U,3,35,5/30/2013 0:00,,,2/8/2014 10:01
954,"Touring-1000 Yellow, 46",BK-T79Y-46,TRUE,TRUE,Yellow,100,75,1481.9379,2384.07,46,CM,LB,25.13,4,T,H,U,3,34,5/30/2013 0:00,,,2/8/2014 10:01
955,"Touring-1000 Yellow, 50",BK-T79Y-50,TRUE,TRUE,Yellow,100,75,1481.9379,2384.07,50,CM,LB,25.42,4,T,H,U,3,34,5/30/2013 0:00,,,2/8/2014 10:01
956,"Touring-1000 Yellow, 54",BK-T79Y-54,TRUE,TRUE,Yellow,100,75,1481.9379,2384.07,54,CM,LB,25.68,4,T,H,U,3,34,5/30/2013 0:00,,,2/8/2014 10:01
957,"Touring-1000 Yellow, 60",BK-T79Y-60,TRUE,TRUE,Yellow,100,75,1481.9379,2384.07,60,CM,LB,25.9,4,T,H,U,3,34,5/30/2013 0:00,,,2/8/2014 10:01
958,"Touring-3000 Blue, 54",BK-T18U-54,TRUE,TRUE,Blue,100,75,461.4448,742.35,54,CM,LB,29.68,4,T,L,U,3,36,5/30/2013 0:00,,,2/8/2014 10:01
959,"Touring-3000 Blue, 58",BK-T18U-58,TRUE,TRUE,Blue,100,75,461.4448,742.35,58,CM,LB,29.9,4,T,L,U,3,36,5/30/2013 0:00,,,2/8/2014 10:01
960,"Touring-3000 Blue, 62",BK-T18U-62,TRUE,TRUE,Blue,100,75,461.4448,742.35,62,CM,LB,30,4,T,L,U,3,36,5/30/2013 0:00,,,2/8/2014 10:01
961,"Touring-3000 Yellow, 44",BK-T18Y-44,TRUE,TRUE,Yellow,100,75,461.4448,742.35,44,CM,LB,28.77,4,T,L,U,3,36,5/30/2013 0:00,,,2/8/2014 10:01
962,"Touring-3000 Yellow, 50",BK-T18Y-50,TRUE,TRUE,Yellow,100,75,461.4448,742.35,50,CM,LB,29.13,4,T,L,U,3,36,5/30/2013 0:00,,,2/8/2014 10:01
963,"Touring-3000 Yellow, 54",BK-T18Y-54,TRUE,TRUE,Yellow,100,75,461.4448,742.35,54,CM,LB,29.42,4,T,L,U,3,36,5/30/2013 0:00,,,2/8/2014 10:01
964,"Touring-3000 Yellow, 58",BK-T18Y-58,TRUE,TRUE,Yellow,100,75,461.4448,742.35,58,CM,LB,29.79,4,T,L,U,3,36,5/30/2013 0:00,,,2/8/2014 10:01
965,"Touring-3000 Yellow, 62",BK-T18Y-62,TRUE,TRUE,Yellow,100,75,461.4448,742.35,62,CM,LB,30,4,T,L,U,3,36,5/30/2013 0:00,,,2/8/2014 10:01
966,"Touring-1000 Blue, 46",BK-T79U-46,TRUE,TRUE,Blue,100,75,1481.9379,2384.07,46,CM,LB,25.13,4,T,H,U,3,34,5/30/2013 0:00,,,2/8/2014 10:01
967,"Touring-1000 Blue, 50",BK-T79U-50,TRUE,TRUE,Blue,100,75,1481.9379,2384.07,50,CM,LB,25.42,4,T,H,U,3,34,5/30/2013 0:00,,,2/8/2014 10:01
968,"Touring-1000 Blue, 54",BK-T79U-54,TRUE,TRUE,Blue,100,75,1481.9379,2384.07,54,CM,LB,25.68,4,T,H,U,3,34,5/30/2013 0:00,,,2/8/2014 10:01
969,"Touring-1000 Blue, 60",BK-T79U-60,TRUE,TRUE,Blue,100,75,1481.9379,2384.07,60,CM,LB,25.9,4,T,H,U,3,34,5/30/2013 0:00,,,2/8/2014 10:01
970,"Touring-2000 Blue, 46",BK-T44U-46,TRUE,TRUE,Blue,100,75,755.1508,1214.85,46,CM,LB,27.13,4,T,M,U,3,35,5/30/2013 0:00,,,2/8/2014 10:01
971,"Touring-2000 Blue, 50",BK-T44U-50,TRUE,TRUE,Blue,100,75,755.1508,1214.85,50,CM,LB,27.42,4,T,M,U,3,35,5/30/2013 0:00,,,2/8/2014 10:01
972,"Touring-2000 Blue, 54",BK-T44U-54,TRUE,TRUE,Blue,100,75,755.1508,1214.85,54,CM,LB,27.68,4,T,M,U,3,35,5/30/2013 0:00,,,2/8/2014 10:01
973,"Road-350-W Yellow, 40",BK-R79Y-40,TRUE,TRUE,Yellow,100,75,1082.51,1700.99,40,CM,LB,15.35,4,R,M,W,2,27,5/30/2013 0:00,,,2/8/2014 10:01
974,"Road-350-W Yellow, 42",BK-R79Y-42,TRUE,TRUE,Yellow,100,75,1082.51,1700.99,42,CM,LB,15.77,4,R,M,W,2,27,5/30/2013 0:00,,,2/8/2014 10:01
975,"Road-350-W Yellow, 44",BK-R79Y-44,TRUE,TRUE,Yellow,100,75,1082.51,1700.99,44,CM,LB,16.13,4,R,M,W,2,27,5/30/2013 0:00,,,2/8/2014 10:01
976,"Road-350-W Yellow, 48",BK-R79Y-48,TRUE,TRUE,Yellow,100,75,1082.51,1700.99,48,CM,LB,16.42,4,R,M,W,2,27,5/30/2013 0:00,,,2/8/2014 10:01
977,"Road-750 Black, 58",BK-R19B-58,TRUE,TRUE,Black,100,75,343.6496,539.99,58,CM,LB,20.79,4,R,L,U,2,31,5/30/2013 0:00,,,2/8/2014 10:01
978,"Touring-3000 Blue, 44",BK-T18U-44,TRUE,TRUE,Blue,100,75,461.4448,742.35,44,CM,LB,28.77,4,T,L,U,3,36,5/30/2013 0:00,,,2/8/2014 10:01
979,"Touring-3000 Blue, 50",BK-T18U-50,TRUE,TRUE,Blue,100,75,461.4448,742.35,50,CM,LB,29.13,4,T,L,U,3,36,5/30/2013 0:00,,,2/8/2014 10:01
980,"Mountain-400-W Silver, 38",BK-M38S-38,TRUE,TRUE,Silver,100,75,419.7784,769.49,38,CM,LB,26.35,4,M,M,W,1,22,5/30/2013 0:00,,,2/8/2014 10:01
981,"Mountain-400-W Silver, 40",BK-M38S-40,TRUE,TRUE,Silver,100,75,419.7784,769.49,40,CM,LB,26.77,4,M,M,W,1,22,5/30/2013 0:00,,,2/8/2014 10:01
982,"Mountain-400-W Silver, 42",BK-M38S-42,TRUE,TRUE,Silver,100,75,419.7784,769.49,42,CM,LB,27.13,4,M,M,W,1,22,5/30/2013 0:00,,,2/8/2014 10:01
983,"Mountain-400-W Silver, 46",BK-M38S-46,TRUE,TRUE,Silver,100,75,419.7784,769.49,46,CM,LB,27.42,4,M,M,W,1,22,5/30/2013 0:00,,,2/8/2014 10:01
984,"Mountain-500 Silver, 40",BK-M18S-40,TRUE,TRUE,Silver,100,75,308.2179,564.99,40,CM,LB,27.35,4,M,L,U,1,23,5/30/2013 0:00,,,2/8/2014 10:01
985,"Mountain-500 Silver, 42",BK-M18S-42,TRUE,TRUE,Silver,100,75,308.2179,564.99,42,CM,LB,27.77,4,M,L,U,1,23,5/30/2013 0:00,,,2/8/2014 10:01
986,"Mountain-500 Silver, 44",BK-M18S-44,TRUE,TRUE,Silver,100,75,308.2179,564.99,44,CM,LB,28.13,4,M,L,U,1,23,5/30/2013 0:00,,,2/8/2014 10:01
987,"Mountain-500 Silver, 48",BK-M18S-48,TRUE,TRUE,Silver,100,75,308.2179,564.99,48,CM,LB,28.42,4,M,L,U,1,23,5/30/2013 0:00,,,2/8/2014 10:01
988,"Mountain-500 Silver, 52",BK-M18S-52,TRUE,TRUE,Silver,100,75,308.2179,564.99,52,CM,LB,28.68,4,M,L,U,1,23,5/30/2013 0:00,,,2/8/2014 10:01
989,"Mountain-500 Black, 40",BK-M18B-40,TRUE,TRUE,Black,100,75,294.5797,539.99,40,CM,LB,27.35,4,M,L,U,1,23,5/30/2013 0:00,,,2/8/2014 10:01
990,"Mountain-500 Black, 42",BK-M18B-42,TRUE,TRUE,Black,100,75,294.5797,539.99,42,CM,LB,27.77,4,M,L,U,1,23,5/30/2013 0:00,,,2/8/2014 10:01
991,"Mountain-500 Black, 44",BK-M18B-44,TRUE,TRUE,Black,100,75,294.5797,539.99,44,CM,LB,28.13,4,M,L,U,1,23,5/30/2013 0:00,,,2/8/2014 10:01
992,"Mountain-500 Black, 48",BK-M18B-48,TRUE,TRUE,Black,100,75,294.5797,539.99,48,CM,LB,28.42,4,M,L,U,1,23,5/30/2013 0:00,,,2/8/2014 10:01
993,"Mountain-500 Black, 52",BK-M18B-52,TRUE,TRUE,Black,100,75,294.5797,539.99,52,CM,LB,28.68,4,M,L,U,1,23,5/30/2013 0:00,,,2/8/2014 10:01
994,LL Bottom Bracket,BB-7421,TRUE,TRUE,,500,375,23.9716,53.99,,,G,223,1,,L,,5,95,5/30/2013 0:00,,,2/8/2014 10:01
995,ML Bottom Bracket,BB-8107,TRUE,TRUE,,500,375,44.9506,101.24,,,G,168,1,,M,,5,96,5/30/2013 0:00,,,2/8/2014 10:01
996,HL Bottom Bracket,BB-9108,TRUE,TRUE,,500,375,53.9416,121.49,,,G,170,1,,H,,5,97,5/30/2013 0:00,,,2/8/2014 10:01
997,"Road-750 Black, 44",BK-R19B-44,TRUE,TRUE,Black,100,75,343.6496,539.99,44,CM,LB,19.77,4,R,L,U,2,31,5/30/2013 0:00,,,2/8/2014 10:01
998,"Road-750 Black, 48",BK-R19B-48,TRUE,TRUE,Black,100,75,343.6496,539.99,48,CM,LB,20.13,4,R,L,U,2,31,5/30/2013 0:00,,,2/8/2014 10:01
999,"Road-750 Black, 52",BK-R19B-52,TRUE,TRUE,Black,100,75,343.6496,539.99,52,CM,LB,20.42,4,R,L,U,2,31,5/30/2013 0:00,,,2/8/2014 10:01
